source_list_url,name,detail_url,icon_url,icon_file,international,korean,mu_id,number,base_attributes,class_limit,lucky_attributes,excellent_attributes,monster_drops,enhance_levels,life_levels
https://mu.dvg.cn/item_list.php?atype=2,战斗青金石项链,https://mu.dvg.cn/item_info.php?id=5083,https://mu.dvg.cn/source/n_itemlitpic/BTlazuritenecklace.png,output\icons_64x64\战斗青金石项链.png,Battle Lapis Lazuli Necklace,전투청금석목걸이,1020042,20-42,"[""耐久：[75/75]"", ""抵抗SD无视几率: %d%%"", ""需求等级：830""]","[""全职业""]",[],[],"[""[Lv.145]冰霜巨蛛"", ""[Lv.190]马格里姆"", ""[Lv.180]辛维斯特"", ""[Lv.200]地下城的独眼巨人"", ""[Lv.200]地下城的幽灵"", ""[Lv.225]地下城的骷髅弓箭手"", ""[Lv.225]地下城的地狱猎犬怪"", ""[Lv.250]地下城的假面武士"", ""[Lv.250]地下城的地狱蜘蛛"", ""[Lv.275]地下城的死灵巫师"", ""[Lv.275]地下城的毒牛怪"", ""[Lv.275]地下城的暗黑骑士"", ""[Lv.300]地下城的魔鬼戈登"", ""[Lv.275]枯树蛮牛怪"", ""[Lv.275]枯树长者"", ""[Lv.275]黑闇吞噬者"", ""[Lv.275]毒沼游荡者"", ""[Lv.380]库贝拉锄头矿工"", ""[Lv.380]库贝拉车夫"", ""[Lv.380]库贝拉布袋矿工"", ""[Lv.380]库贝拉采掘者"", ""[Lv.400]库贝拉废矿矿工"", ""[Lv.400]库贝拉废矿挖土工"", ""[Lv.400]库贝拉废矿布袋矿工"", ""[Lv.410]深渊之小巴哈姆特"", ""[Lv.410]深渊之死亡美人鱼"", ""[Lv.435]深渊之中巴哈姆特"", ""[Lv.435]深渊之银弓海怪"", ""[Lv.460]深渊之大巴哈姆特"", ""[Lv.460]深渊之巫师王"", ""[Lv.470]魔刃战士"", ""[Lv.470]毒蝎刺客"", ""[Lv.470]黑焰法师"", ""[Lv.490]红烟之阿卡摩斯"", ""[Lv.490]红烟之风后"", ""[Lv.495]红烟之恶灵"", ""[Lv.495]红烟之恶灵王"", ""[Lv.500]红烟之幻影骑士"", ""[Lv.520]神殿吞噬者"", ""[Lv.525]神殿破坏者"", ""[Lv.530]神殿凶魔怪"", ""[Lv.550]暗魂树灵"", ""[Lv.555]魔刃破坏者"", ""[Lv.555]暗魂使徒"", ""[Lv.560]暗魂女巫"", ""[Lv.585]炽焰狼人"", ""[Lv.585]炽焰魔牛"", ""[Lv.590]燃血鹰身人"", ""[Lv.615]地下假面巫"", ""[Lv.620]地下毒步妖"", ""[Lv.620]地下恐惧天使"", ""[Lv.750]幻影刺客"", ""[Lv.750]末日行者"", ""[Lv.750]末日指挥官"", ""[Lv.800]燃血铁脊怪"", ""[Lv.800]燃血巨齿兽"", ""[Lv.800]燃血黑炎魔"", ""[Lv.800]燃血破坏骑士"", ""[Lv.850]风暴之锤"", ""[Lv.850]风暴之刺"", ""[Lv.850]风暴之灵"", ""[Lv.900]原始坎德拉"", ""[Lv.900]猩红克里塔"", ""[Lv.900]始祖戈洛"", ""[Lv.950]炼狱魔镰"", ""[Lv.950]炼狱剑魔"", ""[Lv.950]炼狱女王"", ""[Lv.1000]黯血武士"", ""[Lv.1000]黯血守卫"", ""[Lv.1000]黯血女王"", ""[Lv.1010]黯血武士(精英)"", ""[Lv.1010]黯血守卫(精英)"", ""[Lv.1010]黯血女王(精英)""]","{""+0"": [""耐久：[75/75]"", ""抵抗SD无视几率: %d%%"", ""需求等级：830""], ""+1"": [""耐久：[76/76]"", ""抵抗SD无视几率: %d%%"", ""需求等级：830""], ""+2"": [""耐久：[77/77]"", ""抵抗SD无视几率: %d%%"", ""需求等级：830""], ""+3"": [""耐久：[78/78]"", ""抵抗SD无视几率: %d%%"", ""需求等级：830""], ""+4"": [""耐久：[79/79]"", ""抵抗SD无视几率: %d%%"", ""需求等级：830""], ""+5"": [""耐久：[81/81]"", ""抵抗SD无视几率: %d%%"", ""需求等级：830""], ""+6"": [""耐久：[83/83]"", ""抵抗SD无视几率: %d%%"", ""需求等级：830""], ""+7"": [""耐久：[85/85]"", ""抵抗SD无视几率: %d%%"", ""需求等级：830""], ""+8"": [""耐久：[87/87]"", ""抵抗SD无视几率: %d%%"", ""需求等级：830""], ""+9"": [""耐久：[89/89]"", ""抵抗SD无视几率: %d%%"", ""需求等级：830""], ""+10"": [""耐久：[92/92]"", ""抵抗SD无视几率: %d%%"", ""需求等级：830""], ""+11"": [""耐久：[96/96]"", ""抵抗SD无视几率: %d%%"", ""需求等级：830""], ""+12"": [""耐久：[101/101]"", ""抵抗SD无视几率: %d%%"", ""需求等级：830""], ""+13"": [""耐久：[107/107]"", ""抵抗SD无视几率: %d%%"", ""需求等级：830""], ""+14"": [""耐久：[114/114]"", ""抵抗SD无视几率: %d%%"", ""需求等级：830""], ""+15"": [""耐久：[122/122]"", ""抵抗SD无视几率: %d%%"", ""需求等级：830""]}","{""+0"": [""耐久：[122/122]"", ""抵抗SD无视几率: %d%%"", ""需求等级：830""], ""+1"": [""耐久：[122/122]"", ""抵抗SD无视几率: %d%%"", ""需求等级：830"", ""生命自动回复+1%"", ""攻击力/魔法攻击力/诅咒能力增加+4""], ""+2"": [""耐久：[122/122]"", ""抵抗SD无视几率: %d%%"", ""需求等级：830"", ""生命自动回复+2%"", ""攻击力/魔法攻击力/诅咒能力增加+8""], ""+3"": [""耐久：[122/122]"", ""抵抗SD无视几率: %d%%"", ""需求等级：830"", ""生命自动回复+3%"", ""攻击力/魔法攻击力/诅咒能力增加+12""], ""+4"": [""耐久：[122/122]"", ""抵抗SD无视几率: %d%%"", ""需求等级：830"", ""生命自动回复+4%"", ""攻击力/魔法攻击力/诅咒能力增加+16""]}"
https://mu.dvg.cn/item_list.php?atype=2,战斗青金石项链,https://mu.dvg.cn/item_info.php?id=6586,https://mu.dvg.cn/source/n_itemlitpic/BTlazuritenecklace.png,output\icons_64x64\战斗青金石项链.png,Excellent Battle Lapis Lazuli Necklace,엑설런트 엑설런트 전투청금석목걸이,1020042,20-42,"[""耐久：[75/75]"", ""抵抗SD无视几率: %d%%"", ""需求等级：830""]","[""全职业""]",[],"[""卓越一击概率 增加 +10%"", ""攻击力/魔法攻击力 每20等级增加 1"", ""攻击力/魔法攻击力增加 +2%"", ""攻击(魔法)速度增加 +7"", ""杀死怪物时所获（生命值/8）"", ""杀死怪物时所获（魔法值/8）"", ""萤石属性"", ""荧光宝石（水） +1"", ""[1次] 防御成功率提升 +10%"", ""[1次] 防御力提升 +30"", ""[1次] 盾牌防御力提升 +100%"", ""[1次] 伤害减少 +4%"", ""[1次] 伤害反射 +5%"", ""荧光宝石（风） +1"", ""[1次] 生命值自动恢复提升 +8"", ""[1次] 最大生命值增加 +100"", ""[1次] 最大魔法值提升 +150"", ""[1次] 魔法值自动恢复提升 +7"", ""[1次] 最大AG提升 +70"", ""[1次] AG恢复量 增加 +5"", ""荧光宝石（土） +1"", ""[1次] 力量增加 +6"", ""[1次] 敏捷增加 +1"", ""[1次] 体力增加 +30"", ""[1次] 智力增加 +10"", ""可产生的幸运荧光属性(按顺序)："", ""【水+土+风】 防御力 提高 (24/27/30)"", ""【土+风+水】 最大生命值 增加 (29/31/33)"", ""荧光宝石套装属性生成条件(全身)："", ""【火*1 + 水*1 + 冰*1 + 风*1 + 雷*1 + 土*1】双倍攻击概率提升 3%"", ""【火*1 + 水*3 + 冰*1 + 风*3 + 雷*1 + 土*2】无视敌防攻击 1%"", """"]","[""[Lv.145]冰霜巨蛛"", ""[Lv.190]马格里姆"", ""[Lv.180]辛维斯特"", ""[Lv.200]地下城的独眼巨人"", ""[Lv.200]地下城的幽灵"", ""[Lv.225]地下城的骷髅弓箭手"", ""[Lv.225]地下城的地狱猎犬怪"", ""[Lv.250]地下城的假面武士"", ""[Lv.250]地下城的地狱蜘蛛"", ""[Lv.275]地下城的死灵巫师"", ""[Lv.275]地下城的毒牛怪"", ""[Lv.275]地下城的暗黑骑士"", ""[Lv.300]地下城的魔鬼戈登"", ""[Lv.275]枯树蛮牛怪"", ""[Lv.275]枯树长者"", ""[Lv.275]黑闇吞噬者"", ""[Lv.275]毒沼游荡者"", ""[Lv.380]库贝拉锄头矿工"", ""[Lv.380]库贝拉车夫"", ""[Lv.380]库贝拉布袋矿工"", ""[Lv.380]库贝拉采掘者"", ""[Lv.400]库贝拉废矿矿工"", ""[Lv.400]库贝拉废矿挖土工"", ""[Lv.400]库贝拉废矿布袋矿工"", ""[Lv.410]深渊之小巴哈姆特"", ""[Lv.410]深渊之死亡美人鱼"", ""[Lv.435]深渊之中巴哈姆特"", ""[Lv.435]深渊之银弓海怪"", ""[Lv.460]深渊之大巴哈姆特"", ""[Lv.460]深渊之巫师王"", ""[Lv.470]魔刃战士"", ""[Lv.470]毒蝎刺客"", ""[Lv.470]黑焰法师"", ""[Lv.490]红烟之阿卡摩斯"", ""[Lv.490]红烟之风后"", ""[Lv.495]红烟之恶灵"", ""[Lv.495]红烟之恶灵王"", ""[Lv.500]红烟之幻影骑士"", ""[Lv.520]神殿吞噬者"", ""[Lv.525]神殿破坏者"", ""[Lv.530]神殿凶魔怪"", ""[Lv.550]暗魂树灵"", ""[Lv.555]魔刃破坏者"", ""[Lv.555]暗魂使徒"", ""[Lv.560]暗魂女巫"", ""[Lv.585]炽焰狼人"", ""[Lv.585]炽焰魔牛"", ""[Lv.590]燃血鹰身人"", ""[Lv.615]地下假面巫"", ""[Lv.620]地下毒步妖"", ""[Lv.620]地下恐惧天使"", ""[Lv.750]幻影刺客"", ""[Lv.750]末日行者"", ""[Lv.750]末日指挥官"", ""[Lv.800]燃血铁脊怪"", ""[Lv.800]燃血巨齿兽"", ""[Lv.800]燃血黑炎魔"", ""[Lv.800]燃血破坏骑士"", ""[Lv.850]风暴之锤"", ""[Lv.850]风暴之刺"", ""[Lv.850]风暴之灵"", ""[Lv.900]原始坎德拉"", ""[Lv.900]猩红克里塔"", ""[Lv.900]始祖戈洛"", ""[Lv.950]炼狱魔镰"", ""[Lv.950]炼狱剑魔"", ""[Lv.950]炼狱女王"", ""[Lv.1000]黯血武士"", ""[Lv.1000]黯血守卫"", ""[Lv.1000]黯血女王"", ""[Lv.1010]黯血武士(精英)"", ""[Lv.1010]黯血守卫(精英)"", ""[Lv.1010]黯血女王(精英)""]","{""+0"": [""耐久：[75/75]"", ""抵抗SD无视几率: %d%%"", ""需求等级：830""], ""+1"": [""耐久：[76/76]"", ""抵抗SD无视几率: %d%%"", ""需求等级：830""], ""+2"": [""耐久：[77/77]"", ""抵抗SD无视几率: %d%%"", ""需求等级：830""], ""+3"": [""耐久：[78/78]"", ""抵抗SD无视几率: %d%%"", ""需求等级：830""], ""+4"": [""耐久：[79/79]"", ""抵抗SD无视几率: %d%%"", ""需求等级：830""], ""+5"": [""耐久：[81/81]"", ""抵抗SD无视几率: %d%%"", ""需求等级：830""], ""+6"": [""耐久：[83/83]"", ""抵抗SD无视几率: %d%%"", ""需求等级：830""], ""+7"": [""耐久：[85/85]"", ""抵抗SD无视几率: %d%%"", ""需求等级：830""], ""+8"": [""耐久：[87/87]"", ""抵抗SD无视几率: %d%%"", ""需求等级：830""], ""+9"": [""耐久：[89/89]"", ""抵抗SD无视几率: %d%%"", ""需求等级：830""], ""+10"": [""耐久：[92/92]"", ""抵抗SD无视几率: %d%%"", ""需求等级：830""], ""+11"": [""耐久：[96/96]"", ""抵抗SD无视几率: %d%%"", ""需求等级：830""], ""+12"": [""耐久：[101/101]"", ""抵抗SD无视几率: %d%%"", ""需求等级：830""], ""+13"": [""耐久：[107/107]"", ""抵抗SD无视几率: %d%%"", ""需求等级：830""], ""+14"": [""耐久：[114/114]"", ""抵抗SD无视几率: %d%%"", ""需求等级：830""], ""+15"": [""耐久：[122/122]"", ""抵抗SD无视几率: %d%%"", ""需求等级：830""]}","{""+0"": [""耐久：[122/122]"", ""抵抗SD无视几率: %d%%"", ""需求等级：830""], ""+1"": [""耐久：[122/122]"", ""抵抗SD无视几率: %d%%"", ""需求等级：830"", ""生命自动回复+1%"", ""攻击力/魔法攻击力/诅咒能力增加+4""], ""+2"": [""耐久：[122/122]"", ""抵抗SD无视几率: %d%%"", ""需求等级：830"", ""生命自动回复+2%"", ""攻击力/魔法攻击力/诅咒能力增加+8""], ""+3"": [""耐久：[122/122]"", ""抵抗SD无视几率: %d%%"", ""需求等级：830"", ""生命自动回复+3%"", ""攻击力/魔法攻击力/诅咒能力增加+12""], ""+4"": [""耐久：[122/122]"", ""抵抗SD无视几率: %d%%"", ""需求等级：830"", ""生命自动回复+4%"", ""攻击力/魔法攻击力/诅咒能力增加+16""]}"
https://mu.dvg.cn/item_list.php?atype=2,战斗碧玉项链,https://mu.dvg.cn/item_info.php?id=5082,https://mu.dvg.cn/source/n_itemlitpic/BTjaspernecklace.png,output\icons_64x64\战斗碧玉项链.png,Battle Jasper Necklace,전투벽옥목걸이,1020041,20-41,"[""耐久：[75/75]"", ""抵抗无视防御几率: %d%%"", ""需求等级：830""]","[""全职业""]",[],[],"[""[Lv.145]冰霜巨蛛"", ""[Lv.190]马格里姆"", ""[Lv.180]辛维斯特"", ""[Lv.200]地下城的独眼巨人"", ""[Lv.200]地下城的幽灵"", ""[Lv.225]地下城的骷髅弓箭手"", ""[Lv.225]地下城的地狱猎犬怪"", ""[Lv.250]地下城的假面武士"", ""[Lv.250]地下城的地狱蜘蛛"", ""[Lv.275]地下城的死灵巫师"", ""[Lv.275]地下城的毒牛怪"", ""[Lv.275]地下城的暗黑骑士"", ""[Lv.300]地下城的魔鬼戈登"", ""[Lv.275]枯树蛮牛怪"", ""[Lv.275]枯树长者"", ""[Lv.275]黑闇吞噬者"", ""[Lv.275]毒沼游荡者"", ""[Lv.380]库贝拉锄头矿工"", ""[Lv.380]库贝拉车夫"", ""[Lv.380]库贝拉布袋矿工"", ""[Lv.380]库贝拉采掘者"", ""[Lv.400]库贝拉废矿矿工"", ""[Lv.400]库贝拉废矿挖土工"", ""[Lv.400]库贝拉废矿布袋矿工"", ""[Lv.410]深渊之小巴哈姆特"", ""[Lv.410]深渊之死亡美人鱼"", ""[Lv.435]深渊之中巴哈姆特"", ""[Lv.435]深渊之银弓海怪"", ""[Lv.460]深渊之大巴哈姆特"", ""[Lv.460]深渊之巫师王"", ""[Lv.470]魔刃战士"", ""[Lv.470]毒蝎刺客"", ""[Lv.470]黑焰法师"", ""[Lv.490]红烟之阿卡摩斯"", ""[Lv.490]红烟之风后"", ""[Lv.495]红烟之恶灵"", ""[Lv.495]红烟之恶灵王"", ""[Lv.500]红烟之幻影骑士"", ""[Lv.520]神殿吞噬者"", ""[Lv.525]神殿破坏者"", ""[Lv.530]神殿凶魔怪"", ""[Lv.550]暗魂树灵"", ""[Lv.555]魔刃破坏者"", ""[Lv.555]暗魂使徒"", ""[Lv.560]暗魂女巫"", ""[Lv.585]炽焰狼人"", ""[Lv.585]炽焰魔牛"", ""[Lv.590]燃血鹰身人"", ""[Lv.615]地下假面巫"", ""[Lv.620]地下毒步妖"", ""[Lv.620]地下恐惧天使"", ""[Lv.750]幻影刺客"", ""[Lv.750]末日行者"", ""[Lv.750]末日指挥官"", ""[Lv.800]燃血铁脊怪"", ""[Lv.800]燃血巨齿兽"", ""[Lv.800]燃血黑炎魔"", ""[Lv.800]燃血破坏骑士"", ""[Lv.850]风暴之锤"", ""[Lv.850]风暴之刺"", ""[Lv.850]风暴之灵"", ""[Lv.900]原始坎德拉"", ""[Lv.900]猩红克里塔"", ""[Lv.900]始祖戈洛"", ""[Lv.950]炼狱魔镰"", ""[Lv.950]炼狱剑魔"", ""[Lv.950]炼狱女王"", ""[Lv.1000]黯血武士"", ""[Lv.1000]黯血守卫"", ""[Lv.1000]黯血女王"", ""[Lv.1010]黯血武士(精英)"", ""[Lv.1010]黯血守卫(精英)"", ""[Lv.1010]黯血女王(精英)""]","{""+0"": [""耐久：[75/75]"", ""抵抗无视防御几率: %d%%"", ""需求等级：830""], ""+1"": [""耐久：[76/76]"", ""抵抗无视防御几率: %d%%"", ""需求等级：830""], ""+2"": [""耐久：[77/77]"", ""抵抗无视防御几率: %d%%"", ""需求等级：830""], ""+3"": [""耐久：[78/78]"", ""抵抗无视防御几率: %d%%"", ""需求等级：830""], ""+4"": [""耐久：[79/79]"", ""抵抗无视防御几率: %d%%"", ""需求等级：830""], ""+5"": [""耐久：[81/81]"", ""抵抗无视防御几率: %d%%"", ""需求等级：830""], ""+6"": [""耐久：[83/83]"", ""抵抗无视防御几率: %d%%"", ""需求等级：830""], ""+7"": [""耐久：[85/85]"", ""抵抗无视防御几率: %d%%"", ""需求等级：830""], ""+8"": [""耐久：[87/87]"", ""抵抗无视防御几率: %d%%"", ""需求等级：830""], ""+9"": [""耐久：[89/89]"", ""抵抗无视防御几率: %d%%"", ""需求等级：830""], ""+10"": [""耐久：[92/92]"", ""抵抗无视防御几率: %d%%"", ""需求等级：830""], ""+11"": [""耐久：[96/96]"", ""抵抗无视防御几率: %d%%"", ""需求等级：830""], ""+12"": [""耐久：[101/101]"", ""抵抗无视防御几率: %d%%"", ""需求等级：830""], ""+13"": [""耐久：[107/107]"", ""抵抗无视防御几率: %d%%"", ""需求等级：830""], ""+14"": [""耐久：[114/114]"", ""抵抗无视防御几率: %d%%"", ""需求等级：830""], ""+15"": [""耐久：[122/122]"", ""抵抗无视防御几率: %d%%"", ""需求等级：830""]}","{""+0"": [""耐久：[122/122]"", ""抵抗无视防御几率: %d%%"", ""需求等级：830""], ""+1"": [""耐久：[122/122]"", ""抵抗无视防御几率: %d%%"", ""需求等级：830"", ""生命自动回复+1%"", ""攻击力/魔法攻击力/诅咒能力增加+4""], ""+2"": [""耐久：[122/122]"", ""抵抗无视防御几率: %d%%"", ""需求等级：830"", ""生命自动回复+2%"", ""攻击力/魔法攻击力/诅咒能力增加+8""], ""+3"": [""耐久：[122/122]"", ""抵抗无视防御几率: %d%%"", ""需求等级：830"", ""生命自动回复+3%"", ""攻击力/魔法攻击力/诅咒能力增加+12""], ""+4"": [""耐久：[122/122]"", ""抵抗无视防御几率: %d%%"", ""需求等级：830"", ""生命自动回复+4%"", ""攻击力/魔法攻击力/诅咒能力增加+16""]}"
https://mu.dvg.cn/item_list.php?atype=2,战斗碧玉项链,https://mu.dvg.cn/item_info.php?id=6585,https://mu.dvg.cn/source/n_itemlitpic/BTjaspernecklace.png,output\icons_64x64\战斗碧玉项链.png,Excellent Battle Jasper Necklace,엑설런트 엑설런트 전투벽옥목걸이,1020041,20-41,"[""耐久：[75/75]"", ""抵抗无视防御几率: %d%%"", ""需求等级：830""]","[""全职业""]",[],"[""卓越一击概率 增加 +10%"", ""攻击力/魔法攻击力 每20等级增加 1"", ""攻击力/魔法攻击力增加 +2%"", ""攻击(魔法)速度增加 +7"", ""杀死怪物时所获（生命值/8）"", ""杀死怪物时所获（魔法值/8）"", ""萤石属性"", ""荧光宝石（水） +1"", ""[1次] 防御成功率提升 +10%"", ""[1次] 防御力提升 +30"", ""[1次] 盾牌防御力提升 +100%"", ""[1次] 伤害减少 +4%"", ""[1次] 伤害反射 +5%"", ""荧光宝石（风） +1"", ""[1次] 生命值自动恢复提升 +8"", ""[1次] 最大生命值增加 +100"", ""[1次] 最大魔法值提升 +150"", ""[1次] 魔法值自动恢复提升 +7"", ""[1次] 最大AG提升 +70"", ""[1次] AG恢复量 增加 +5"", ""荧光宝石（土） +1"", ""[1次] 力量增加 +6"", ""[1次] 敏捷增加 +1"", ""[1次] 体力增加 +30"", ""[1次] 智力增加 +10"", ""可产生的幸运荧光属性(按顺序)："", ""【水+土+风】 防御力 提高 (24/27/30)"", ""【土+风+水】 最大生命值 增加 (29/31/33)"", ""荧光宝石套装属性生成条件(全身)："", ""【火*1 + 水*1 + 冰*1 + 风*1 + 雷*1 + 土*1】双倍攻击概率提升 3%"", ""【火*1 + 水*3 + 冰*1 + 风*3 + 雷*1 + 土*2】无视敌防攻击 1%"", """"]","[""[Lv.145]冰霜巨蛛"", ""[Lv.190]马格里姆"", ""[Lv.180]辛维斯特"", ""[Lv.200]地下城的独眼巨人"", ""[Lv.200]地下城的幽灵"", ""[Lv.225]地下城的骷髅弓箭手"", ""[Lv.225]地下城的地狱猎犬怪"", ""[Lv.250]地下城的假面武士"", ""[Lv.250]地下城的地狱蜘蛛"", ""[Lv.275]地下城的死灵巫师"", ""[Lv.275]地下城的毒牛怪"", ""[Lv.275]地下城的暗黑骑士"", ""[Lv.300]地下城的魔鬼戈登"", ""[Lv.275]枯树蛮牛怪"", ""[Lv.275]枯树长者"", ""[Lv.275]黑闇吞噬者"", ""[Lv.275]毒沼游荡者"", ""[Lv.380]库贝拉锄头矿工"", ""[Lv.380]库贝拉车夫"", ""[Lv.380]库贝拉布袋矿工"", ""[Lv.380]库贝拉采掘者"", ""[Lv.400]库贝拉废矿矿工"", ""[Lv.400]库贝拉废矿挖土工"", ""[Lv.400]库贝拉废矿布袋矿工"", ""[Lv.410]深渊之小巴哈姆特"", ""[Lv.410]深渊之死亡美人鱼"", ""[Lv.435]深渊之中巴哈姆特"", ""[Lv.435]深渊之银弓海怪"", ""[Lv.460]深渊之大巴哈姆特"", ""[Lv.460]深渊之巫师王"", ""[Lv.470]魔刃战士"", ""[Lv.470]毒蝎刺客"", ""[Lv.470]黑焰法师"", ""[Lv.490]红烟之阿卡摩斯"", ""[Lv.490]红烟之风后"", ""[Lv.495]红烟之恶灵"", ""[Lv.495]红烟之恶灵王"", ""[Lv.500]红烟之幻影骑士"", ""[Lv.520]神殿吞噬者"", ""[Lv.525]神殿破坏者"", ""[Lv.530]神殿凶魔怪"", ""[Lv.550]暗魂树灵"", ""[Lv.555]魔刃破坏者"", ""[Lv.555]暗魂使徒"", ""[Lv.560]暗魂女巫"", ""[Lv.585]炽焰狼人"", ""[Lv.585]炽焰魔牛"", ""[Lv.590]燃血鹰身人"", ""[Lv.615]地下假面巫"", ""[Lv.620]地下毒步妖"", ""[Lv.620]地下恐惧天使"", ""[Lv.750]幻影刺客"", ""[Lv.750]末日行者"", ""[Lv.750]末日指挥官"", ""[Lv.800]燃血铁脊怪"", ""[Lv.800]燃血巨齿兽"", ""[Lv.800]燃血黑炎魔"", ""[Lv.800]燃血破坏骑士"", ""[Lv.850]风暴之锤"", ""[Lv.850]风暴之刺"", ""[Lv.850]风暴之灵"", ""[Lv.900]原始坎德拉"", ""[Lv.900]猩红克里塔"", ""[Lv.900]始祖戈洛"", ""[Lv.950]炼狱魔镰"", ""[Lv.950]炼狱剑魔"", ""[Lv.950]炼狱女王"", ""[Lv.1000]黯血武士"", ""[Lv.1000]黯血守卫"", ""[Lv.1000]黯血女王"", ""[Lv.1010]黯血武士(精英)"", ""[Lv.1010]黯血守卫(精英)"", ""[Lv.1010]黯血女王(精英)""]","{""+0"": [""耐久：[75/75]"", ""抵抗无视防御几率: %d%%"", ""需求等级：830""], ""+1"": [""耐久：[76/76]"", ""抵抗无视防御几率: %d%%"", ""需求等级：830""], ""+2"": [""耐久：[77/77]"", ""抵抗无视防御几率: %d%%"", ""需求等级：830""], ""+3"": [""耐久：[78/78]"", ""抵抗无视防御几率: %d%%"", ""需求等级：830""], ""+4"": [""耐久：[79/79]"", ""抵抗无视防御几率: %d%%"", ""需求等级：830""], ""+5"": [""耐久：[81/81]"", ""抵抗无视防御几率: %d%%"", ""需求等级：830""], ""+6"": [""耐久：[83/83]"", ""抵抗无视防御几率: %d%%"", ""需求等级：830""], ""+7"": [""耐久：[85/85]"", ""抵抗无视防御几率: %d%%"", ""需求等级：830""], ""+8"": [""耐久：[87/87]"", ""抵抗无视防御几率: %d%%"", ""需求等级：830""], ""+9"": [""耐久：[89/89]"", ""抵抗无视防御几率: %d%%"", ""需求等级：830""], ""+10"": [""耐久：[92/92]"", ""抵抗无视防御几率: %d%%"", ""需求等级：830""], ""+11"": [""耐久：[96/96]"", ""抵抗无视防御几率: %d%%"", ""需求等级：830""], ""+12"": [""耐久：[101/101]"", ""抵抗无视防御几率: %d%%"", ""需求等级：830""], ""+13"": [""耐久：[107/107]"", ""抵抗无视防御几率: %d%%"", ""需求等级：830""], ""+14"": [""耐久：[114/114]"", ""抵抗无视防御几率: %d%%"", ""需求等级：830""], ""+15"": [""耐久：[122/122]"", ""抵抗无视防御几率: %d%%"", ""需求等级：830""]}","{""+0"": [""耐久：[122/122]"", ""抵抗无视防御几率: %d%%"", ""需求等级：830""], ""+1"": [""耐久：[122/122]"", ""抵抗无视防御几率: %d%%"", ""需求等级：830"", ""生命自动回复+1%"", ""攻击力/魔法攻击力/诅咒能力增加+4""], ""+2"": [""耐久：[122/122]"", ""抵抗无视防御几率: %d%%"", ""需求等级：830"", ""生命自动回复+2%"", ""攻击力/魔法攻击力/诅咒能力增加+8""], ""+3"": [""耐久：[122/122]"", ""抵抗无视防御几率: %d%%"", ""需求等级：830"", ""生命自动回复+3%"", ""攻击力/魔法攻击力/诅咒能力增加+12""], ""+4"": [""耐久：[122/122]"", ""抵抗无视防御几率: %d%%"", ""需求等级：830"", ""生命自动回复+4%"", ""攻击力/魔法攻击力/诅咒能力增加+16""]}"
https://mu.dvg.cn/item_list.php?atype=2,青金石项链,https://mu.dvg.cn/item_info.php?id=5081,https://mu.dvg.cn/source/n_itemlitpic/lazuritenecklace.png,output\icons_64x64\青金石项链.png,Lapis Lazuli Necklace,청금석목걸이,1020040,20-40,"[""耐久：[75/75]"", ""需求等级：830""]","[""全职业""]",[],[],"[""[Lv.145]冰霜巨蛛"", ""[Lv.190]马格里姆"", ""[Lv.180]辛维斯特"", ""[Lv.200]地下城的独眼巨人"", ""[Lv.200]地下城的幽灵"", ""[Lv.225]地下城的骷髅弓箭手"", ""[Lv.225]地下城的地狱猎犬怪"", ""[Lv.250]地下城的假面武士"", ""[Lv.250]地下城的地狱蜘蛛"", ""[Lv.275]地下城的死灵巫师"", ""[Lv.275]地下城的毒牛怪"", ""[Lv.275]地下城的暗黑骑士"", ""[Lv.300]地下城的魔鬼戈登"", ""[Lv.275]枯树蛮牛怪"", ""[Lv.275]枯树长者"", ""[Lv.275]黑闇吞噬者"", ""[Lv.275]毒沼游荡者"", ""[Lv.380]库贝拉锄头矿工"", ""[Lv.380]库贝拉车夫"", ""[Lv.380]库贝拉布袋矿工"", ""[Lv.380]库贝拉采掘者"", ""[Lv.400]库贝拉废矿矿工"", ""[Lv.400]库贝拉废矿挖土工"", ""[Lv.400]库贝拉废矿布袋矿工"", ""[Lv.410]深渊之小巴哈姆特"", ""[Lv.410]深渊之死亡美人鱼"", ""[Lv.435]深渊之中巴哈姆特"", ""[Lv.435]深渊之银弓海怪"", ""[Lv.460]深渊之大巴哈姆特"", ""[Lv.460]深渊之巫师王"", ""[Lv.470]魔刃战士"", ""[Lv.470]毒蝎刺客"", ""[Lv.470]黑焰法师"", ""[Lv.490]红烟之阿卡摩斯"", ""[Lv.490]红烟之风后"", ""[Lv.495]红烟之恶灵"", ""[Lv.495]红烟之恶灵王"", ""[Lv.500]红烟之幻影骑士"", ""[Lv.520]神殿吞噬者"", ""[Lv.525]神殿破坏者"", ""[Lv.530]神殿凶魔怪"", ""[Lv.550]暗魂树灵"", ""[Lv.555]魔刃破坏者"", ""[Lv.555]暗魂使徒"", ""[Lv.560]暗魂女巫"", ""[Lv.585]炽焰狼人"", ""[Lv.585]炽焰魔牛"", ""[Lv.590]燃血鹰身人"", ""[Lv.615]地下假面巫"", ""[Lv.620]地下毒步妖"", ""[Lv.620]地下恐惧天使"", ""[Lv.750]幻影刺客"", ""[Lv.750]末日行者"", ""[Lv.750]末日指挥官"", ""[Lv.800]燃血铁脊怪"", ""[Lv.800]燃血巨齿兽"", ""[Lv.800]燃血黑炎魔"", ""[Lv.800]燃血破坏骑士"", ""[Lv.850]风暴之锤"", ""[Lv.850]风暴之刺"", ""[Lv.850]风暴之灵"", ""[Lv.900]原始坎德拉"", ""[Lv.900]猩红克里塔"", ""[Lv.900]始祖戈洛"", ""[Lv.950]炼狱魔镰"", ""[Lv.950]炼狱剑魔"", ""[Lv.950]炼狱女王"", ""[Lv.1000]黯血武士"", ""[Lv.1000]黯血守卫"", ""[Lv.1000]黯血女王"", ""[Lv.1010]黯血武士(精英)"", ""[Lv.1010]黯血守卫(精英)"", ""[Lv.1010]黯血女王(精英)""]","{""+0"": [""耐久：[75/75]"", ""需求等级：830""], ""+1"": [""耐久：[76/76]"", ""需求等级：830""], ""+2"": [""耐久：[77/77]"", ""需求等级：830""], ""+3"": [""耐久：[78/78]"", ""需求等级：830""], ""+4"": [""耐久：[79/79]"", ""需求等级：830""], ""+5"": [""耐久：[81/81]"", ""需求等级：830""], ""+6"": [""耐久：[83/83]"", ""需求等级：830""], ""+7"": [""耐久：[85/85]"", ""需求等级：830""], ""+8"": [""耐久：[87/87]"", ""需求等级：830""], ""+9"": [""耐久：[89/89]"", ""需求等级：830""], ""+10"": [""耐久：[92/92]"", ""需求等级：830""], ""+11"": [""耐久：[96/96]"", ""需求等级：830""], ""+12"": [""耐久：[101/101]"", ""需求等级：830""], ""+13"": [""耐久：[107/107]"", ""需求等级：830""], ""+14"": [""耐久：[114/114]"", ""需求等级：830""], ""+15"": [""耐久：[122/122]"", ""需求等级：830""]}","{""+0"": [""耐久：[122/122]"", ""需求等级：830""], ""+1"": [""耐久：[122/122]"", ""需求等级：830"", ""生命自动回复+1%"", ""攻击力/魔法攻击力/诅咒能力增加+4""], ""+2"": [""耐久：[122/122]"", ""需求等级：830"", ""生命自动回复+2%"", ""攻击力/魔法攻击力/诅咒能力增加+8""], ""+3"": [""耐久：[122/122]"", ""需求等级：830"", ""生命自动回复+3%"", ""攻击力/魔法攻击力/诅咒能力增加+12""], ""+4"": [""耐久：[122/122]"", ""需求等级：830"", ""生命自动回复+4%"", ""攻击力/魔法攻击力/诅咒能力增加+16""]}"
https://mu.dvg.cn/item_list.php?atype=2,青金石项链,https://mu.dvg.cn/item_info.php?id=6584,https://mu.dvg.cn/source/n_itemlitpic/lazuritenecklace.png,output\icons_64x64\青金石项链.png,Excellent Lapis Lazuli Necklace,엑설런트 엑설런트 청금석목걸이,1020040,20-40,"[""耐久：[75/75]"", ""需求等级：830""]","[""全职业""]",[],"[""卓越一击概率 增加 +10%"", ""攻击力/魔法攻击力 每20等级增加 1"", ""攻击力/魔法攻击力增加 +2%"", ""攻击(魔法)速度增加 +7"", ""杀死怪物时所获（生命值/8）"", ""杀死怪物时所获（魔法值/8）"", ""萤石属性"", ""荧光宝石（水） +1"", ""[1次] 防御成功率提升 +10%"", ""[1次] 防御力提升 +30"", ""[1次] 盾牌防御力提升 +100%"", ""[1次] 伤害减少 +4%"", ""[1次] 伤害反射 +5%"", ""荧光宝石（风） +1"", ""[1次] 生命值自动恢复提升 +8"", ""[1次] 最大生命值增加 +100"", ""[1次] 最大魔法值提升 +150"", ""[1次] 魔法值自动恢复提升 +7"", ""[1次] 最大AG提升 +70"", ""[1次] AG恢复量 增加 +5"", ""荧光宝石（土） +1"", ""[1次] 力量增加 +6"", ""[1次] 敏捷增加 +1"", ""[1次] 体力增加 +30"", ""[1次] 智力增加 +10"", ""可产生的幸运荧光属性(按顺序)："", ""【水+土+风】 防御力 提高 (24/27/30)"", ""【土+风+水】 最大生命值 增加 (29/31/33)"", ""荧光宝石套装属性生成条件(全身)："", ""【火*1 + 水*1 + 冰*1 + 风*1 + 雷*1 + 土*1】双倍攻击概率提升 3%"", ""【火*1 + 水*3 + 冰*1 + 风*3 + 雷*1 + 土*2】无视敌防攻击 1%"", """"]","[""[Lv.145]冰霜巨蛛"", ""[Lv.190]马格里姆"", ""[Lv.180]辛维斯特"", ""[Lv.200]地下城的独眼巨人"", ""[Lv.200]地下城的幽灵"", ""[Lv.225]地下城的骷髅弓箭手"", ""[Lv.225]地下城的地狱猎犬怪"", ""[Lv.250]地下城的假面武士"", ""[Lv.250]地下城的地狱蜘蛛"", ""[Lv.275]地下城的死灵巫师"", ""[Lv.275]地下城的毒牛怪"", ""[Lv.275]地下城的暗黑骑士"", ""[Lv.300]地下城的魔鬼戈登"", ""[Lv.275]枯树蛮牛怪"", ""[Lv.275]枯树长者"", ""[Lv.275]黑闇吞噬者"", ""[Lv.275]毒沼游荡者"", ""[Lv.380]库贝拉锄头矿工"", ""[Lv.380]库贝拉车夫"", ""[Lv.380]库贝拉布袋矿工"", ""[Lv.380]库贝拉采掘者"", ""[Lv.400]库贝拉废矿矿工"", ""[Lv.400]库贝拉废矿挖土工"", ""[Lv.400]库贝拉废矿布袋矿工"", ""[Lv.410]深渊之小巴哈姆特"", ""[Lv.410]深渊之死亡美人鱼"", ""[Lv.435]深渊之中巴哈姆特"", ""[Lv.435]深渊之银弓海怪"", ""[Lv.460]深渊之大巴哈姆特"", ""[Lv.460]深渊之巫师王"", ""[Lv.470]魔刃战士"", ""[Lv.470]毒蝎刺客"", ""[Lv.470]黑焰法师"", ""[Lv.490]红烟之阿卡摩斯"", ""[Lv.490]红烟之风后"", ""[Lv.495]红烟之恶灵"", ""[Lv.495]红烟之恶灵王"", ""[Lv.500]红烟之幻影骑士"", ""[Lv.520]神殿吞噬者"", ""[Lv.525]神殿破坏者"", ""[Lv.530]神殿凶魔怪"", ""[Lv.550]暗魂树灵"", ""[Lv.555]魔刃破坏者"", ""[Lv.555]暗魂使徒"", ""[Lv.560]暗魂女巫"", ""[Lv.585]炽焰狼人"", ""[Lv.585]炽焰魔牛"", ""[Lv.590]燃血鹰身人"", ""[Lv.615]地下假面巫"", ""[Lv.620]地下毒步妖"", ""[Lv.620]地下恐惧天使"", ""[Lv.750]幻影刺客"", ""[Lv.750]末日行者"", ""[Lv.750]末日指挥官"", ""[Lv.800]燃血铁脊怪"", ""[Lv.800]燃血巨齿兽"", ""[Lv.800]燃血黑炎魔"", ""[Lv.800]燃血破坏骑士"", ""[Lv.850]风暴之锤"", ""[Lv.850]风暴之刺"", ""[Lv.850]风暴之灵"", ""[Lv.900]原始坎德拉"", ""[Lv.900]猩红克里塔"", ""[Lv.900]始祖戈洛"", ""[Lv.950]炼狱魔镰"", ""[Lv.950]炼狱剑魔"", ""[Lv.950]炼狱女王"", ""[Lv.1000]黯血武士"", ""[Lv.1000]黯血守卫"", ""[Lv.1000]黯血女王"", ""[Lv.1010]黯血武士(精英)"", ""[Lv.1010]黯血守卫(精英)"", ""[Lv.1010]黯血女王(精英)""]","{""+0"": [""耐久：[75/75]"", ""需求等级：830""], ""+1"": [""耐久：[76/76]"", ""需求等级：830""], ""+2"": [""耐久：[77/77]"", ""需求等级：830""], ""+3"": [""耐久：[78/78]"", ""需求等级：830""], ""+4"": [""耐久：[79/79]"", ""需求等级：830""], ""+5"": [""耐久：[81/81]"", ""需求等级：830""], ""+6"": [""耐久：[83/83]"", ""需求等级：830""], ""+7"": [""耐久：[85/85]"", ""需求等级：830""], ""+8"": [""耐久：[87/87]"", ""需求等级：830""], ""+9"": [""耐久：[89/89]"", ""需求等级：830""], ""+10"": [""耐久：[92/92]"", ""需求等级：830""], ""+11"": [""耐久：[96/96]"", ""需求等级：830""], ""+12"": [""耐久：[101/101]"", ""需求等级：830""], ""+13"": [""耐久：[107/107]"", ""需求等级：830""], ""+14"": [""耐久：[114/114]"", ""需求等级：830""], ""+15"": [""耐久：[122/122]"", ""需求等级：830""]}","{""+0"": [""耐久：[122/122]"", ""需求等级：830""], ""+1"": [""耐久：[122/122]"", ""需求等级：830"", ""生命自动回复+1%"", ""攻击力/魔法攻击力/诅咒能力增加+4""], ""+2"": [""耐久：[122/122]"", ""需求等级：830"", ""生命自动回复+2%"", ""攻击力/魔法攻击力/诅咒能力增加+8""], ""+3"": [""耐久：[122/122]"", ""需求等级：830"", ""生命自动回复+3%"", ""攻击力/魔法攻击力/诅咒能力增加+12""], ""+4"": [""耐久：[122/122]"", ""需求等级：830"", ""生命自动回复+4%"", ""攻击力/魔法攻击力/诅咒能力增加+16""]}"
https://mu.dvg.cn/item_list.php?atype=2,碧玉项链,https://mu.dvg.cn/item_info.php?id=5080,https://mu.dvg.cn/source/n_itemlitpic/jaspernecklace.png,output\icons_64x64\碧玉项链.png,Jasper Necklace,벽옥목걸이,1020039,20-39,"[""耐久：[75/75]"", ""需求等级：830""]","[""全职业""]",[],[],"[""[Lv.145]冰霜巨蛛"", ""[Lv.190]马格里姆"", ""[Lv.180]辛维斯特"", ""[Lv.200]地下城的独眼巨人"", ""[Lv.200]地下城的幽灵"", ""[Lv.225]地下城的骷髅弓箭手"", ""[Lv.225]地下城的地狱猎犬怪"", ""[Lv.250]地下城的假面武士"", ""[Lv.250]地下城的地狱蜘蛛"", ""[Lv.275]地下城的死灵巫师"", ""[Lv.275]地下城的毒牛怪"", ""[Lv.275]地下城的暗黑骑士"", ""[Lv.300]地下城的魔鬼戈登"", ""[Lv.275]枯树蛮牛怪"", ""[Lv.275]枯树长者"", ""[Lv.275]黑闇吞噬者"", ""[Lv.275]毒沼游荡者"", ""[Lv.380]库贝拉锄头矿工"", ""[Lv.380]库贝拉车夫"", ""[Lv.380]库贝拉布袋矿工"", ""[Lv.380]库贝拉采掘者"", ""[Lv.400]库贝拉废矿矿工"", ""[Lv.400]库贝拉废矿挖土工"", ""[Lv.400]库贝拉废矿布袋矿工"", ""[Lv.410]深渊之小巴哈姆特"", ""[Lv.410]深渊之死亡美人鱼"", ""[Lv.435]深渊之中巴哈姆特"", ""[Lv.435]深渊之银弓海怪"", ""[Lv.460]深渊之大巴哈姆特"", ""[Lv.460]深渊之巫师王"", ""[Lv.470]魔刃战士"", ""[Lv.470]毒蝎刺客"", ""[Lv.470]黑焰法师"", ""[Lv.490]红烟之阿卡摩斯"", ""[Lv.490]红烟之风后"", ""[Lv.495]红烟之恶灵"", ""[Lv.495]红烟之恶灵王"", ""[Lv.500]红烟之幻影骑士"", ""[Lv.520]神殿吞噬者"", ""[Lv.525]神殿破坏者"", ""[Lv.530]神殿凶魔怪"", ""[Lv.550]暗魂树灵"", ""[Lv.555]魔刃破坏者"", ""[Lv.555]暗魂使徒"", ""[Lv.560]暗魂女巫"", ""[Lv.585]炽焰狼人"", ""[Lv.585]炽焰魔牛"", ""[Lv.590]燃血鹰身人"", ""[Lv.615]地下假面巫"", ""[Lv.620]地下毒步妖"", ""[Lv.620]地下恐惧天使"", ""[Lv.750]幻影刺客"", ""[Lv.750]末日行者"", ""[Lv.750]末日指挥官"", ""[Lv.800]燃血铁脊怪"", ""[Lv.800]燃血巨齿兽"", ""[Lv.800]燃血黑炎魔"", ""[Lv.800]燃血破坏骑士"", ""[Lv.850]风暴之锤"", ""[Lv.850]风暴之刺"", ""[Lv.850]风暴之灵"", ""[Lv.900]原始坎德拉"", ""[Lv.900]猩红克里塔"", ""[Lv.900]始祖戈洛"", ""[Lv.950]炼狱魔镰"", ""[Lv.950]炼狱剑魔"", ""[Lv.950]炼狱女王"", ""[Lv.1000]黯血武士"", ""[Lv.1000]黯血守卫"", ""[Lv.1000]黯血女王"", ""[Lv.1010]黯血武士(精英)"", ""[Lv.1010]黯血守卫(精英)"", ""[Lv.1010]黯血女王(精英)""]","{""+0"": [""耐久：[75/75]"", ""需求等级：830""], ""+1"": [""耐久：[76/76]"", ""需求等级：830""], ""+2"": [""耐久：[77/77]"", ""需求等级：830""], ""+3"": [""耐久：[78/78]"", ""需求等级：830""], ""+4"": [""耐久：[79/79]"", ""需求等级：830""], ""+5"": [""耐久：[81/81]"", ""需求等级：830""], ""+6"": [""耐久：[83/83]"", ""需求等级：830""], ""+7"": [""耐久：[85/85]"", ""需求等级：830""], ""+8"": [""耐久：[87/87]"", ""需求等级：830""], ""+9"": [""耐久：[89/89]"", ""需求等级：830""], ""+10"": [""耐久：[92/92]"", ""需求等级：830""], ""+11"": [""耐久：[96/96]"", ""需求等级：830""], ""+12"": [""耐久：[101/101]"", ""需求等级：830""], ""+13"": [""耐久：[107/107]"", ""需求等级：830""], ""+14"": [""耐久：[114/114]"", ""需求等级：830""], ""+15"": [""耐久：[122/122]"", ""需求等级：830""]}","{""+0"": [""耐久：[122/122]"", ""需求等级：830""], ""+1"": [""耐久：[122/122]"", ""需求等级：830"", ""生命自动回复+1%"", ""攻击力/魔法攻击力/诅咒能力增加+4""], ""+2"": [""耐久：[122/122]"", ""需求等级：830"", ""生命自动回复+2%"", ""攻击力/魔法攻击力/诅咒能力增加+8""], ""+3"": [""耐久：[122/122]"", ""需求等级：830"", ""生命自动回复+3%"", ""攻击力/魔法攻击力/诅咒能力增加+12""], ""+4"": [""耐久：[122/122]"", ""需求等级：830"", ""生命自动回复+4%"", ""攻击力/魔法攻击力/诅咒能力增加+16""]}"
https://mu.dvg.cn/item_list.php?atype=2,碧玉项链,https://mu.dvg.cn/item_info.php?id=6583,https://mu.dvg.cn/source/n_itemlitpic/jaspernecklace.png,output\icons_64x64\碧玉项链.png,Excellent Jasper Necklace,엑설런트 엑설런트 벽옥목걸이,1020039,20-39,"[""耐久：[75/75]"", ""需求等级：830""]","[""全职业""]",[],"[""卓越一击概率 增加 +10%"", ""攻击力/魔法攻击力 每20等级增加 1"", ""攻击力/魔法攻击力增加 +2%"", ""攻击(魔法)速度增加 +7"", ""杀死怪物时所获（生命值/8）"", ""杀死怪物时所获（魔法值/8）"", ""萤石属性"", ""荧光宝石（水） +1"", ""[1次] 防御成功率提升 +10%"", ""[1次] 防御力提升 +30"", ""[1次] 盾牌防御力提升 +100%"", ""[1次] 伤害减少 +4%"", ""[1次] 伤害反射 +5%"", ""荧光宝石（风） +1"", ""[1次] 生命值自动恢复提升 +8"", ""[1次] 最大生命值增加 +100"", ""[1次] 最大魔法值提升 +150"", ""[1次] 魔法值自动恢复提升 +7"", ""[1次] 最大AG提升 +70"", ""[1次] AG恢复量 增加 +5"", ""荧光宝石（土） +1"", ""[1次] 力量增加 +6"", ""[1次] 敏捷增加 +1"", ""[1次] 体力增加 +30"", ""[1次] 智力增加 +10"", ""可产生的幸运荧光属性(按顺序)："", ""【水+土+风】 防御力 提高 (24/27/30)"", ""【土+风+水】 最大生命值 增加 (29/31/33)"", ""荧光宝石套装属性生成条件(全身)："", ""【火*1 + 水*1 + 冰*1 + 风*1 + 雷*1 + 土*1】双倍攻击概率提升 3%"", ""【火*1 + 水*3 + 冰*1 + 风*3 + 雷*1 + 土*2】无视敌防攻击 1%"", """"]","[""[Lv.145]冰霜巨蛛"", ""[Lv.190]马格里姆"", ""[Lv.180]辛维斯特"", ""[Lv.200]地下城的独眼巨人"", ""[Lv.200]地下城的幽灵"", ""[Lv.225]地下城的骷髅弓箭手"", ""[Lv.225]地下城的地狱猎犬怪"", ""[Lv.250]地下城的假面武士"", ""[Lv.250]地下城的地狱蜘蛛"", ""[Lv.275]地下城的死灵巫师"", ""[Lv.275]地下城的毒牛怪"", ""[Lv.275]地下城的暗黑骑士"", ""[Lv.300]地下城的魔鬼戈登"", ""[Lv.275]枯树蛮牛怪"", ""[Lv.275]枯树长者"", ""[Lv.275]黑闇吞噬者"", ""[Lv.275]毒沼游荡者"", ""[Lv.380]库贝拉锄头矿工"", ""[Lv.380]库贝拉车夫"", ""[Lv.380]库贝拉布袋矿工"", ""[Lv.380]库贝拉采掘者"", ""[Lv.400]库贝拉废矿矿工"", ""[Lv.400]库贝拉废矿挖土工"", ""[Lv.400]库贝拉废矿布袋矿工"", ""[Lv.410]深渊之小巴哈姆特"", ""[Lv.410]深渊之死亡美人鱼"", ""[Lv.435]深渊之中巴哈姆特"", ""[Lv.435]深渊之银弓海怪"", ""[Lv.460]深渊之大巴哈姆特"", ""[Lv.460]深渊之巫师王"", ""[Lv.470]魔刃战士"", ""[Lv.470]毒蝎刺客"", ""[Lv.470]黑焰法师"", ""[Lv.490]红烟之阿卡摩斯"", ""[Lv.490]红烟之风后"", ""[Lv.495]红烟之恶灵"", ""[Lv.495]红烟之恶灵王"", ""[Lv.500]红烟之幻影骑士"", ""[Lv.520]神殿吞噬者"", ""[Lv.525]神殿破坏者"", ""[Lv.530]神殿凶魔怪"", ""[Lv.550]暗魂树灵"", ""[Lv.555]魔刃破坏者"", ""[Lv.555]暗魂使徒"", ""[Lv.560]暗魂女巫"", ""[Lv.585]炽焰狼人"", ""[Lv.585]炽焰魔牛"", ""[Lv.590]燃血鹰身人"", ""[Lv.615]地下假面巫"", ""[Lv.620]地下毒步妖"", ""[Lv.620]地下恐惧天使"", ""[Lv.750]幻影刺客"", ""[Lv.750]末日行者"", ""[Lv.750]末日指挥官"", ""[Lv.800]燃血铁脊怪"", ""[Lv.800]燃血巨齿兽"", ""[Lv.800]燃血黑炎魔"", ""[Lv.800]燃血破坏骑士"", ""[Lv.850]风暴之锤"", ""[Lv.850]风暴之刺"", ""[Lv.850]风暴之灵"", ""[Lv.900]原始坎德拉"", ""[Lv.900]猩红克里塔"", ""[Lv.900]始祖戈洛"", ""[Lv.950]炼狱魔镰"", ""[Lv.950]炼狱剑魔"", ""[Lv.950]炼狱女王"", ""[Lv.1000]黯血武士"", ""[Lv.1000]黯血守卫"", ""[Lv.1000]黯血女王"", ""[Lv.1010]黯血武士(精英)"", ""[Lv.1010]黯血守卫(精英)"", ""[Lv.1010]黯血女王(精英)""]","{""+0"": [""耐久：[75/75]"", ""需求等级：830""], ""+1"": [""耐久：[76/76]"", ""需求等级：830""], ""+2"": [""耐久：[77/77]"", ""需求等级：830""], ""+3"": [""耐久：[78/78]"", ""需求等级：830""], ""+4"": [""耐久：[79/79]"", ""需求等级：830""], ""+5"": [""耐久：[81/81]"", ""需求等级：830""], ""+6"": [""耐久：[83/83]"", ""需求等级：830""], ""+7"": [""耐久：[85/85]"", ""需求等级：830""], ""+8"": [""耐久：[87/87]"", ""需求等级：830""], ""+9"": [""耐久：[89/89]"", ""需求等级：830""], ""+10"": [""耐久：[92/92]"", ""需求等级：830""], ""+11"": [""耐久：[96/96]"", ""需求等级：830""], ""+12"": [""耐久：[101/101]"", ""需求等级：830""], ""+13"": [""耐久：[107/107]"", ""需求等级：830""], ""+14"": [""耐久：[114/114]"", ""需求等级：830""], ""+15"": [""耐久：[122/122]"", ""需求等级：830""]}","{""+0"": [""耐久：[122/122]"", ""需求等级：830""], ""+1"": [""耐久：[122/122]"", ""需求等级：830"", ""生命自动回复+1%"", ""攻击力/魔法攻击力/诅咒能力增加+4""], ""+2"": [""耐久：[122/122]"", ""需求等级：830"", ""生命自动回复+2%"", ""攻击力/魔法攻击力/诅咒能力增加+8""], ""+3"": [""耐久：[122/122]"", ""需求等级：830"", ""生命自动回复+3%"", ""攻击力/魔法攻击力/诅咒能力增加+12""], ""+4"": [""耐久：[122/122]"", ""需求等级：830"", ""生命自动回复+4%"", ""攻击力/魔法攻击力/诅咒能力增加+16""]}"
https://mu.dvg.cn/item_list.php?atype=2,愁怀项链,https://mu.dvg.cn/item_info.php?id=3955,https://mu.dvg.cn/source/n_itemlitpic/necklace.png,output\icons_64x64\愁怀项链.png,Necklace of Agony,고뇌의 목걸이,1013171,13-171,"[""耐久：[75/75]"", ""抵抗无视防御几率: %d%%"", ""需求等级：122""]","[""全职业""]",[],[],[],"{""+0"": [""耐久：[75/75]"", ""抵抗无视防御几率: %d%%"", ""需求等级：122""], ""+1"": [""耐久：[76/76]"", ""抵抗无视防御几率: %d%%"", ""需求等级：122""], ""+2"": [""耐久：[77/77]"", ""抵抗无视防御几率: %d%%"", ""需求等级：122""], ""+3"": [""耐久：[78/78]"", ""抵抗无视防御几率: %d%%"", ""需求等级：122""], ""+4"": [""耐久：[79/79]"", ""抵抗无视防御几率: %d%%"", ""需求等级：122""], ""+5"": [""耐久：[81/81]"", ""抵抗无视防御几率: %d%%"", ""需求等级：122""], ""+6"": [""耐久：[83/83]"", ""抵抗无视防御几率: %d%%"", ""需求等级：122""], ""+7"": [""耐久：[85/85]"", ""抵抗无视防御几率: %d%%"", ""需求等级：122""], ""+8"": [""耐久：[87/87]"", ""抵抗无视防御几率: %d%%"", ""需求等级：122""], ""+9"": [""耐久：[89/89]"", ""抵抗无视防御几率: %d%%"", ""需求等级：122""], ""+10"": [""耐久：[92/92]"", ""抵抗无视防御几率: %d%%"", ""需求等级：122""], ""+11"": [""耐久：[96/96]"", ""抵抗无视防御几率: %d%%"", ""需求等级：122""], ""+12"": [""耐久：[101/101]"", ""抵抗无视防御几率: %d%%"", ""需求等级：122""], ""+13"": [""耐久：[107/107]"", ""抵抗无视防御几率: %d%%"", ""需求等级：122""], ""+14"": [""耐久：[114/114]"", ""抵抗无视防御几率: %d%%"", ""需求等级：122""], ""+15"": [""耐久：[122/122]"", ""抵抗无视防御几率: %d%%"", ""需求等级：122""]}","{""+0"": [""耐久：[122/122]"", ""抵抗无视防御几率: %d%%"", ""需求等级：122""], ""+1"": [""耐久：[122/122]"", ""抵抗无视防御几率: %d%%"", ""需求等级：122"", ""生命自动回复+1%"", ""攻击力/魔法攻击力/诅咒能力增加+4""], ""+2"": [""耐久：[122/122]"", ""抵抗无视防御几率: %d%%"", ""需求等级：122"", ""生命自动回复+2%"", ""攻击力/魔法攻击力/诅咒能力增加+8""], ""+3"": [""耐久：[122/122]"", ""抵抗无视防御几率: %d%%"", ""需求等级：122"", ""生命自动回复+3%"", ""攻击力/魔法攻击力/诅咒能力增加+12""], ""+4"": [""耐久：[122/122]"", ""抵抗无视防御几率: %d%%"", ""需求等级：122"", ""生命自动回复+4%"", ""攻击力/魔法攻击力/诅咒能力增加+16""]}"
https://mu.dvg.cn/item_list.php?atype=2,卓越的 愁怀项链,https://mu.dvg.cn/item_info.php?id=6576,https://mu.dvg.cn/source/n_itemlitpic/necklace.png,output\icons_64x64\卓越的愁怀项链.png,Excellent Necklace of Agony,엑설런트 엑설런트 고뇌의 목걸이,1013171,13-171,"[""耐久：[75/75]"", ""抵抗无视防御几率: %d%%"", ""需求等级：122""]","[""全职业""]",[],"[""卓越一击概率 增加 +10%"", ""攻击力/魔法攻击力 每20等级增加 1"", ""攻击力/魔法攻击力增加 +2%"", ""攻击(魔法)速度增加 +7"", ""杀死怪物时所获（生命值/8）"", ""杀死怪物时所获（魔法值/8）"", """"]","[""[Lv.145]冰霜巨蛛"", ""[Lv.190]马格里姆"", ""[Lv.180]辛维斯特"", ""[Lv.200]地下城的独眼巨人"", ""[Lv.200]地下城的幽灵"", ""[Lv.225]地下城的骷髅弓箭手"", ""[Lv.225]地下城的地狱猎犬怪"", ""[Lv.250]地下城的假面武士"", ""[Lv.250]地下城的地狱蜘蛛"", ""[Lv.275]地下城的死灵巫师"", ""[Lv.275]地下城的毒牛怪"", ""[Lv.275]地下城的暗黑骑士"", ""[Lv.300]地下城的魔鬼戈登"", ""[Lv.275]枯树蛮牛怪"", ""[Lv.275]枯树长者"", ""[Lv.275]黑闇吞噬者"", ""[Lv.275]毒沼游荡者"", ""[Lv.380]库贝拉锄头矿工"", ""[Lv.380]库贝拉车夫"", ""[Lv.380]库贝拉布袋矿工"", ""[Lv.380]库贝拉采掘者"", ""[Lv.400]库贝拉废矿矿工"", ""[Lv.400]库贝拉废矿挖土工"", ""[Lv.400]库贝拉废矿布袋矿工"", ""[Lv.410]深渊之小巴哈姆特"", ""[Lv.410]深渊之死亡美人鱼"", ""[Lv.435]深渊之中巴哈姆特"", ""[Lv.435]深渊之银弓海怪"", ""[Lv.460]深渊之大巴哈姆特"", ""[Lv.460]深渊之巫师王"", ""[Lv.470]魔刃战士"", ""[Lv.470]毒蝎刺客"", ""[Lv.470]黑焰法师"", ""[Lv.490]红烟之阿卡摩斯"", ""[Lv.490]红烟之风后"", ""[Lv.495]红烟之恶灵"", ""[Lv.495]红烟之恶灵王"", ""[Lv.500]红烟之幻影骑士"", ""[Lv.520]神殿吞噬者"", ""[Lv.525]神殿破坏者"", ""[Lv.530]神殿凶魔怪"", ""[Lv.550]暗魂树灵"", ""[Lv.555]魔刃破坏者"", ""[Lv.555]暗魂使徒"", ""[Lv.560]暗魂女巫"", ""[Lv.585]炽焰狼人"", ""[Lv.585]炽焰魔牛"", ""[Lv.590]燃血鹰身人"", ""[Lv.615]地下假面巫"", ""[Lv.620]地下毒步妖"", ""[Lv.620]地下恐惧天使"", ""[Lv.750]幻影刺客"", ""[Lv.750]末日行者"", ""[Lv.750]末日指挥官"", ""[Lv.800]燃血铁脊怪"", ""[Lv.800]燃血巨齿兽"", ""[Lv.800]燃血黑炎魔"", ""[Lv.800]燃血破坏骑士"", ""[Lv.850]风暴之锤"", ""[Lv.850]风暴之刺"", ""[Lv.850]风暴之灵"", ""[Lv.900]原始坎德拉"", ""[Lv.900]猩红克里塔"", ""[Lv.900]始祖戈洛"", ""[Lv.950]炼狱魔镰"", ""[Lv.950]炼狱剑魔"", ""[Lv.950]炼狱女王"", ""[Lv.1000]黯血武士"", ""[Lv.1000]黯血守卫"", ""[Lv.1000]黯血女王"", ""[Lv.1010]黯血武士(精英)"", ""[Lv.1010]黯血守卫(精英)"", ""[Lv.1010]黯血女王(精英)""]","{""+0"": [""耐久：[75/75]"", ""抵抗无视防御几率: %d%%"", ""需求等级：122""], ""+1"": [""耐久：[76/76]"", ""抵抗无视防御几率: %d%%"", ""需求等级：122""], ""+2"": [""耐久：[77/77]"", ""抵抗无视防御几率: %d%%"", ""需求等级：122""], ""+3"": [""耐久：[78/78]"", ""抵抗无视防御几率: %d%%"", ""需求等级：122""], ""+4"": [""耐久：[79/79]"", ""抵抗无视防御几率: %d%%"", ""需求等级：122""], ""+5"": [""耐久：[81/81]"", ""抵抗无视防御几率: %d%%"", ""需求等级：122""], ""+6"": [""耐久：[83/83]"", ""抵抗无视防御几率: %d%%"", ""需求等级：122""], ""+7"": [""耐久：[85/85]"", ""抵抗无视防御几率: %d%%"", ""需求等级：122""], ""+8"": [""耐久：[87/87]"", ""抵抗无视防御几率: %d%%"", ""需求等级：122""], ""+9"": [""耐久：[89/89]"", ""抵抗无视防御几率: %d%%"", ""需求等级：122""], ""+10"": [""耐久：[92/92]"", ""抵抗无视防御几率: %d%%"", ""需求等级：122""], ""+11"": [""耐久：[96/96]"", ""抵抗无视防御几率: %d%%"", ""需求等级：122""], ""+12"": [""耐久：[101/101]"", ""抵抗无视防御几率: %d%%"", ""需求等级：122""], ""+13"": [""耐久：[107/107]"", ""抵抗无视防御几率: %d%%"", ""需求等级：122""], ""+14"": [""耐久：[114/114]"", ""抵抗无视防御几率: %d%%"", ""需求等级：122""], ""+15"": [""耐久：[122/122]"", ""抵抗无视防御几率: %d%%"", ""需求等级：122""]}","{""+0"": [""耐久：[122/122]"", ""抵抗无视防御几率: %d%%"", ""需求等级：122""], ""+1"": [""耐久：[122/122]"", ""抵抗无视防御几率: %d%%"", ""需求等级：122"", ""生命自动回复+1%"", ""攻击力/魔法攻击力/诅咒能力增加+4""], ""+2"": [""耐久：[122/122]"", ""抵抗无视防御几率: %d%%"", ""需求等级：122"", ""生命自动回复+2%"", ""攻击力/魔法攻击力/诅咒能力增加+8""], ""+3"": [""耐久：[122/122]"", ""抵抗无视防御几率: %d%%"", ""需求等级：122"", ""生命自动回复+3%"", ""攻击力/魔法攻击力/诅咒能力增加+12""], ""+4"": [""耐久：[122/122]"", ""抵抗无视防御几率: %d%%"", ""需求等级：122"", ""生命自动回复+4%"", ""攻击力/魔法攻击力/诅咒能力增加+16""]}"
https://mu.dvg.cn/item_list.php?atype=2,坚硬之物,https://mu.dvg.cn/item_info.php?id=3956,https://mu.dvg.cn/source/n_itemlitpic/hardnecklace.png,output\icons_64x64\坚硬之物.png,Solid Symbol,단단한 징표,1013172,13-172,"[""耐久：[75/75]"", ""抵抗SD无视几率: %d%%"", ""需求等级：110""]","[""全职业""]",[],[],[],"{""+0"": [""耐久：[75/75]"", ""抵抗SD无视几率: %d%%"", ""需求等级：110""], ""+1"": [""耐久：[76/76]"", ""抵抗SD无视几率: %d%%"", ""需求等级：110""], ""+2"": [""耐久：[77/77]"", ""抵抗SD无视几率: %d%%"", ""需求等级：110""], ""+3"": [""耐久：[78/78]"", ""抵抗SD无视几率: %d%%"", ""需求等级：110""], ""+4"": [""耐久：[79/79]"", ""抵抗SD无视几率: %d%%"", ""需求等级：110""], ""+5"": [""耐久：[81/81]"", ""抵抗SD无视几率: %d%%"", ""需求等级：110""], ""+6"": [""耐久：[83/83]"", ""抵抗SD无视几率: %d%%"", ""需求等级：110""], ""+7"": [""耐久：[85/85]"", ""抵抗SD无视几率: %d%%"", ""需求等级：110""], ""+8"": [""耐久：[87/87]"", ""抵抗SD无视几率: %d%%"", ""需求等级：110""], ""+9"": [""耐久：[89/89]"", ""抵抗SD无视几率: %d%%"", ""需求等级：110""], ""+10"": [""耐久：[92/92]"", ""抵抗SD无视几率: %d%%"", ""需求等级：110""], ""+11"": [""耐久：[96/96]"", ""抵抗SD无视几率: %d%%"", ""需求等级：110""], ""+12"": [""耐久：[101/101]"", ""抵抗SD无视几率: %d%%"", ""需求等级：110""], ""+13"": [""耐久：[107/107]"", ""抵抗SD无视几率: %d%%"", ""需求等级：110""], ""+14"": [""耐久：[114/114]"", ""抵抗SD无视几率: %d%%"", ""需求等级：110""], ""+15"": [""耐久：[122/122]"", ""抵抗SD无视几率: %d%%"", ""需求等级：110""]}","{""+0"": [""耐久：[122/122]"", ""抵抗SD无视几率: %d%%"", ""需求等级：110""], ""+1"": [""耐久：[122/122]"", ""抵抗SD无视几率: %d%%"", ""需求等级：110"", ""生命自动回复+1%"", ""攻击力/魔法攻击力/诅咒能力增加+4""], ""+2"": [""耐久：[122/122]"", ""抵抗SD无视几率: %d%%"", ""需求等级：110"", ""生命自动回复+2%"", ""攻击力/魔法攻击力/诅咒能力增加+8""], ""+3"": [""耐久：[122/122]"", ""抵抗SD无视几率: %d%%"", ""需求等级：110"", ""生命自动回复+3%"", ""攻击力/魔法攻击力/诅咒能力增加+12""], ""+4"": [""耐久：[122/122]"", ""抵抗SD无视几率: %d%%"", ""需求等级：110"", ""生命自动回复+4%"", ""攻击力/魔法攻击力/诅咒能力增加+16""]}"
https://mu.dvg.cn/item_list.php?atype=2,卓越的 坚硬之物,https://mu.dvg.cn/item_info.php?id=6577,https://mu.dvg.cn/source/n_itemlitpic/hardnecklace.png,output\icons_64x64\卓越的坚硬之物.png,Excellent Solid Symbol,엑설런트 엑설런트 단단한 징표,1013172,13-172,"[""耐久：[75/75]"", ""抵抗SD无视几率: %d%%"", ""需求等级：110""]","[""全职业""]",[],"[""卓越一击概率 增加 +10%"", ""攻击力/魔法攻击力 每20等级增加 1"", ""攻击力/魔法攻击力增加 +2%"", ""攻击(魔法)速度增加 +7"", ""杀死怪物时所获（生命值/8）"", ""杀死怪物时所获（魔法值/8）"", """"]","[""[Lv.145]冰霜巨蛛"", ""[Lv.190]马格里姆"", ""[Lv.180]辛维斯特"", ""[Lv.1010]黯血武士(精英)"", ""[Lv.1010]黯血守卫(精英)"", ""[Lv.1010]黯血女王(精英)""]","{""+0"": [""耐久：[75/75]"", ""抵抗SD无视几率: %d%%"", ""需求等级：110""], ""+1"": [""耐久：[76/76]"", ""抵抗SD无视几率: %d%%"", ""需求等级：110""], ""+2"": [""耐久：[77/77]"", ""抵抗SD无视几率: %d%%"", ""需求等级：110""], ""+3"": [""耐久：[78/78]"", ""抵抗SD无视几率: %d%%"", ""需求等级：110""], ""+4"": [""耐久：[79/79]"", ""抵抗SD无视几率: %d%%"", ""需求等级：110""], ""+5"": [""耐久：[81/81]"", ""抵抗SD无视几率: %d%%"", ""需求等级：110""], ""+6"": [""耐久：[83/83]"", ""抵抗SD无视几率: %d%%"", ""需求等级：110""], ""+7"": [""耐久：[85/85]"", ""抵抗SD无视几率: %d%%"", ""需求等级：110""], ""+8"": [""耐久：[87/87]"", ""抵抗SD无视几率: %d%%"", ""需求等级：110""], ""+9"": [""耐久：[89/89]"", ""抵抗SD无视几率: %d%%"", ""需求等级：110""], ""+10"": [""耐久：[92/92]"", ""抵抗SD无视几率: %d%%"", ""需求等级：110""], ""+11"": [""耐久：[96/96]"", ""抵抗SD无视几率: %d%%"", ""需求等级：110""], ""+12"": [""耐久：[101/101]"", ""抵抗SD无视几率: %d%%"", ""需求等级：110""], ""+13"": [""耐久：[107/107]"", ""抵抗SD无视几率: %d%%"", ""需求等级：110""], ""+14"": [""耐久：[114/114]"", ""抵抗SD无视几率: %d%%"", ""需求等级：110""], ""+15"": [""耐久：[122/122]"", ""抵抗SD无视几率: %d%%"", ""需求等级：110""]}","{""+0"": [""耐久：[122/122]"", ""抵抗SD无视几率: %d%%"", ""需求等级：110""], ""+1"": [""耐久：[122/122]"", ""抵抗SD无视几率: %d%%"", ""需求等级：110"", ""生命自动回复+1%"", ""攻击力/魔法攻击力/诅咒能力增加+4""], ""+2"": [""耐久：[122/122]"", ""抵抗SD无视几率: %d%%"", ""需求等级：110"", ""生命自动回复+2%"", ""攻击力/魔法攻击力/诅咒能力增加+8""], ""+3"": [""耐久：[122/122]"", ""抵抗SD无视几率: %d%%"", ""需求等级：110"", ""生命自动回复+3%"", ""攻击力/魔法攻击力/诅咒能力增加+12""], ""+4"": [""耐久：[122/122]"", ""抵抗SD无视几率: %d%%"", ""需求等级：110"", ""生命自动回复+4%"", ""攻击力/魔法攻击力/诅咒能力增加+16""]}"
https://mu.dvg.cn/item_list.php?atype=2,紫晶项链(绑定),https://mu.dvg.cn/item_info.php?id=4148,https://mu.dvg.cn/source/n_itemlitpic/agnecklace.png,output\icons_64x64\紫晶项链(绑定).png,Pendant of Ability (Bound),기술의목걸이(귀속),1013408,13-28,"[""耐久：[65/65]"", ""需求等级：50"", ""活动道具是无法强化及交易。""]","[""全职业""]",[],[],[],"{""+0"": [""耐久：[65/65]"", ""需求等级：50"", ""活动道具是无法强化及交易。""], ""+1"": [""耐久：[66/66]"", ""需求等级：50"", ""活动道具是无法强化及交易。""], ""+2"": [""耐久：[67/67]"", ""需求等级：50"", ""活动道具是无法强化及交易。""], ""+3"": [""耐久：[68/68]"", ""需求等级：50"", ""活动道具是无法强化及交易。""], ""+4"": [""耐久：[69/69]"", ""需求等级：50"", ""活动道具是无法强化及交易。""], ""+5"": [""耐久：[71/71]"", ""需求等级：50"", ""活动道具是无法强化及交易。""], ""+6"": [""耐久：[73/73]"", ""需求等级：50"", ""活动道具是无法强化及交易。""], ""+7"": [""耐久：[75/75]"", ""需求等级：50"", ""活动道具是无法强化及交易。""], ""+8"": [""耐久：[77/77]"", ""需求等级：50"", ""活动道具是无法强化及交易。""], ""+9"": [""耐久：[79/79]"", ""需求等级：50"", ""活动道具是无法强化及交易。""], ""+10"": [""耐久：[82/82]"", ""需求等级：50"", ""活动道具是无法强化及交易。""], ""+11"": [""耐久：[86/86]"", ""需求等级：50"", ""活动道具是无法强化及交易。""], ""+12"": [""耐久：[91/91]"", ""需求等级：50"", ""活动道具是无法强化及交易。""], ""+13"": [""耐久：[97/97]"", ""需求等级：50"", ""活动道具是无法强化及交易。""], ""+14"": [""耐久：[104/104]"", ""需求等级：50"", ""活动道具是无法强化及交易。""], ""+15"": [""耐久：[112/112]"", ""需求等级：50"", ""活动道具是无法强化及交易。""]}","{""+0"": [""耐久：[112/112]"", ""需求等级：50"", ""活动道具是无法强化及交易。""], ""+1"": [""耐久：[112/112]"", ""需求等级：50"", ""活动道具是无法强化及交易。"", ""生命自动回复+1%"", ""攻击力/魔法攻击力/诅咒能力增加+4""], ""+2"": [""耐久：[112/112]"", ""需求等级：50"", ""活动道具是无法强化及交易。"", ""生命自动回复+2%"", ""攻击力/魔法攻击力/诅咒能力增加+8""], ""+3"": [""耐久：[112/112]"", ""需求等级：50"", ""活动道具是无法强化及交易。"", ""生命自动回复+3%"", ""攻击力/魔法攻击力/诅咒能力增加+12""], ""+4"": [""耐久：[112/112]"", ""需求等级：50"", ""活动道具是无法强化及交易。"", ""生命自动回复+4%"", ""攻击力/魔法攻击力/诅咒能力增加+16""]}"
https://mu.dvg.cn/item_list.php?atype=2,紫晶项链,https://mu.dvg.cn/item_info.php?id=3822,https://mu.dvg.cn/source/n_itemlitpic/agnecklace.png,output\icons_64x64\紫晶项链.png,Pendant of Ability,기술의목걸이,1013028,13-28,"[""耐久：[65/65]"", ""需求等级：50""]","[""全职业""]",[],[],[],"{""+0"": [""耐久：[65/65]"", ""需求等级：50""], ""+1"": [""耐久：[66/66]"", ""需求等级：50""], ""+2"": [""耐久：[67/67]"", ""需求等级：50""], ""+3"": [""耐久：[68/68]"", ""需求等级：50""], ""+4"": [""耐久：[69/69]"", ""需求等级：50""], ""+5"": [""耐久：[71/71]"", ""需求等级：50""], ""+6"": [""耐久：[73/73]"", ""需求等级：50""], ""+7"": [""耐久：[75/75]"", ""需求等级：50""], ""+8"": [""耐久：[77/77]"", ""需求等级：50""], ""+9"": [""耐久：[79/79]"", ""需求等级：50""], ""+10"": [""耐久：[82/82]"", ""需求等级：50""], ""+11"": [""耐久：[86/86]"", ""需求等级：50""], ""+12"": [""耐久：[91/91]"", ""需求等级：50""], ""+13"": [""耐久：[97/97]"", ""需求等级：50""], ""+14"": [""耐久：[104/104]"", ""需求等级：50""], ""+15"": [""耐久：[112/112]"", ""需求等级：50""]}","{""+0"": [""耐久：[112/112]"", ""需求等级：50""], ""+1"": [""耐久：[112/112]"", ""需求等级：50"", ""生命自动回复+1%"", ""攻击力/魔法攻击力/诅咒能力增加+4""], ""+2"": [""耐久：[112/112]"", ""需求等级：50"", ""生命自动回复+2%"", ""攻击力/魔法攻击力/诅咒能力增加+8""], ""+3"": [""耐久：[112/112]"", ""需求等级：50"", ""生命自动回复+3%"", ""攻击力/魔法攻击力/诅咒能力增加+12""], ""+4"": [""耐久：[112/112]"", ""需求等级：50"", ""生命自动回复+4%"", ""攻击力/魔法攻击力/诅咒能力增加+16""]}"
https://mu.dvg.cn/item_list.php?atype=2,安吉拉的 紫晶项链,https://mu.dvg.cn/item_info.php?id=6563,https://mu.dvg.cn/source/n_itemlitpic/agnecklace.png,output\icons_64x64\安吉拉的紫晶项链.png,Gywen's Pendant of Ability,安吉拉的 기술의목걸이,1013028,13-28,"[""耐久：[65/65]"", ""需求等级：50""]","[""全职业""]",[],[],"[""[Lv.128]炼狱魔王"", ""[Lv.120]幽灵斗士(精英)"", ""[Lv.121]幽灵角斗士(精英)"", ""[Lv.122]幽灵屠杀者(精英)"", ""[Lv.123]幽灵残酷暗杀者(精英)"", ""[Lv.124]幽灵残酷巨人(精英)""]","{""+0"": [""耐久：[65/65]"", ""需求等级：50""], ""+1"": [""耐久：[66/66]"", ""需求等级：50""], ""+2"": [""耐久：[67/67]"", ""需求等级：50""], ""+3"": [""耐久：[68/68]"", ""需求等级：50""], ""+4"": [""耐久：[69/69]"", ""需求等级：50""], ""+5"": [""耐久：[71/71]"", ""需求等级：50""], ""+6"": [""耐久：[73/73]"", ""需求等级：50""], ""+7"": [""耐久：[75/75]"", ""需求等级：50""], ""+8"": [""耐久：[77/77]"", ""需求等级：50""], ""+9"": [""耐久：[79/79]"", ""需求等级：50""], ""+10"": [""耐久：[82/82]"", ""需求等级：50""], ""+11"": [""耐久：[86/86]"", ""需求等级：50""], ""+12"": [""耐久：[91/91]"", ""需求等级：50""], ""+13"": [""耐久：[97/97]"", ""需求等级：50""], ""+14"": [""耐久：[104/104]"", ""需求等级：50""], ""+15"": [""耐久：[112/112]"", ""需求等级：50""]}","{""+0"": [""耐久：[112/112]"", ""需求等级：50""], ""+1"": [""耐久：[112/112]"", ""需求等级：50"", ""生命自动回复+1%"", ""攻击力/魔法攻击力/诅咒能力增加+4""], ""+2"": [""耐久：[112/112]"", ""需求等级：50"", ""生命自动回复+2%"", ""攻击力/魔法攻击力/诅咒能力增加+8""], ""+3"": [""耐久：[112/112]"", ""需求等级：50"", ""生命自动回复+3%"", ""攻击力/魔法攻击力/诅咒能力增加+12""], ""+4"": [""耐久：[112/112]"", ""需求等级：50"", ""生命自动回复+4%"", ""攻击力/魔法攻击力/诅咒能力增加+16""]}"
https://mu.dvg.cn/item_list.php?atype=2,卓越的 紫晶项链,https://mu.dvg.cn/item_info.php?id=6575,https://mu.dvg.cn/source/n_itemlitpic/agnecklace.png,output\icons_64x64\卓越的紫晶项链.png,Excellent Pendant of Ability,엑설런트 엑설런트 기술의목걸이,1013028,13-28,"[""耐久：[65/65]"", ""需求等级：50""]","[""全职业""]",[],"[""卓越一击概率 增加 +10%"", ""攻击力/魔法攻击力 每20等级增加 1"", ""攻击力/魔法攻击力增加 +2%"", ""攻击(魔法)速度增加 +7"", ""杀死怪物时所获（生命值/8）"", ""杀死怪物时所获（魔法值/8）"", """"]","[""[Lv.76]巨齿兽"", ""[Lv.80]铁轮战士"", ""[Lv.83]破坏骑士"", ""[Lv.84]黑炎魔"", ""[Lv.78]丛林暗杀者"", ""[Lv.84]丛林生命体"", ""[Lv.75]阿卡摩斯"", ""[Lv.78]恶灵"", ""[Lv.82]风后"", ""[Lv.86]蓝魔龙"", ""[Lv.92]恶灵王"", ""[Lv.96]幻影骑士"", ""[Lv.100]红魔龙"", ""[Lv.108]天魔菲尼斯"", ""[Lv.80]裂角狼"", ""[Lv.82]金甲兽"", ""[Lv.85]半兽人"", ""[Lv.75]巨斧战士"", ""[Lv.78]冷血变异者"", ""[Lv.84]毒巨魔"", ""[Lv.200]地下城的独眼巨人"", ""[Lv.200]地下城的幽灵"", ""[Lv.225]地下城的骷髅弓箭手"", ""[Lv.225]地下城的地狱猎犬怪"", ""[Lv.250]地下城的假面武士"", ""[Lv.250]地下城的地狱蜘蛛"", ""[Lv.275]地下城的死灵巫师"", ""[Lv.275]地下城的毒牛怪"", ""[Lv.275]地下城的暗黑骑士"", ""[Lv.300]地下城的魔鬼戈登"", ""[Lv.275]枯树蛮牛怪"", ""[Lv.275]枯树长者"", ""[Lv.275]黑闇吞噬者"", ""[Lv.275]毒沼游荡者"", ""[Lv.380]库贝拉锄头矿工"", ""[Lv.380]库贝拉车夫"", ""[Lv.380]库贝拉布袋矿工"", ""[Lv.380]库贝拉采掘者"", ""[Lv.400]库贝拉废矿矿工"", ""[Lv.400]库贝拉废矿挖土工"", ""[Lv.400]库贝拉废矿布袋矿工"", ""[Lv.410]深渊之小巴哈姆特"", ""[Lv.410]深渊之死亡美人鱼"", ""[Lv.435]深渊之中巴哈姆特"", ""[Lv.435]深渊之银弓海怪"", ""[Lv.460]深渊之大巴哈姆特"", ""[Lv.460]深渊之巫师王"", ""[Lv.470]魔刃战士"", ""[Lv.470]毒蝎刺客"", ""[Lv.470]黑焰法师"", ""[Lv.490]红烟之阿卡摩斯"", ""[Lv.490]红烟之风后"", ""[Lv.495]红烟之恶灵"", ""[Lv.495]红烟之恶灵王"", ""[Lv.500]红烟之幻影骑士"", ""[Lv.520]神殿吞噬者"", ""[Lv.525]神殿破坏者"", ""[Lv.530]神殿凶魔怪"", ""[Lv.550]暗魂树灵"", ""[Lv.555]魔刃破坏者"", ""[Lv.555]暗魂使徒"", ""[Lv.560]暗魂女巫"", ""[Lv.585]炽焰狼人"", ""[Lv.585]炽焰魔牛"", ""[Lv.590]燃血鹰身人"", ""[Lv.615]地下假面巫"", ""[Lv.620]地下毒步妖"", ""[Lv.620]地下恐惧天使"", ""[Lv.750]幻影刺客"", ""[Lv.750]末日行者"", ""[Lv.750]末日指挥官"", ""[Lv.800]燃血铁脊怪"", ""[Lv.800]燃血巨齿兽"", ""[Lv.800]燃血黑炎魔"", ""[Lv.800]燃血破坏骑士"", ""[Lv.850]风暴之锤"", ""[Lv.850]风暴之刺"", ""[Lv.850]风暴之灵"", ""[Lv.900]原始坎德拉"", ""[Lv.900]猩红克里塔"", ""[Lv.900]始祖戈洛"", ""[Lv.950]炼狱魔镰"", ""[Lv.950]炼狱剑魔"", ""[Lv.950]炼狱女王"", ""[Lv.1000]黯血武士"", ""[Lv.1000]黯血守卫"", ""[Lv.1000]黯血女王"", ""[Lv.1010]黯血武士(精英)"", ""[Lv.1010]黯血守卫(精英)"", ""[Lv.1010]黯血女王(精英)""]","{""+0"": [""耐久：[65/65]"", ""需求等级：50""], ""+1"": [""耐久：[66/66]"", ""需求等级：50""], ""+2"": [""耐久：[67/67]"", ""需求等级：50""], ""+3"": [""耐久：[68/68]"", ""需求等级：50""], ""+4"": [""耐久：[69/69]"", ""需求等级：50""], ""+5"": [""耐久：[71/71]"", ""需求等级：50""], ""+6"": [""耐久：[73/73]"", ""需求等级：50""], ""+7"": [""耐久：[75/75]"", ""需求等级：50""], ""+8"": [""耐久：[77/77]"", ""需求等级：50""], ""+9"": [""耐久：[79/79]"", ""需求等级：50""], ""+10"": [""耐久：[82/82]"", ""需求等级：50""], ""+11"": [""耐久：[86/86]"", ""需求等级：50""], ""+12"": [""耐久：[91/91]"", ""需求等级：50""], ""+13"": [""耐久：[97/97]"", ""需求等级：50""], ""+14"": [""耐久：[104/104]"", ""需求等级：50""], ""+15"": [""耐久：[112/112]"", ""需求等级：50""]}","{""+0"": [""耐久：[112/112]"", ""需求等级：50""], ""+1"": [""耐久：[112/112]"", ""需求等级：50"", ""生命自动回复+1%"", ""攻击力/魔法攻击力/诅咒能力增加+4""], ""+2"": [""耐久：[112/112]"", ""需求等级：50"", ""生命自动回复+2%"", ""攻击力/魔法攻击力/诅咒能力增加+8""], ""+3"": [""耐久：[112/112]"", ""需求等级：50"", ""生命自动回复+3%"", ""攻击力/魔法攻击力/诅咒能力增加+12""], ""+4"": [""耐久：[112/112]"", ""需求等级：50"", ""生命自动回复+4%"", ""攻击力/魔法攻击力/诅咒能力增加+16""]}"
https://mu.dvg.cn/item_list.php?atype=2,水之项链,https://mu.dvg.cn/item_info.php?id=3821,https://mu.dvg.cn/source/n_itemlitpic/waternecklace.png,output\icons_64x64\水之项链.png,Pendant of Water,물의목걸이,1013027,13-27,"[""耐久：[65/65]"", ""水抵抗力: %d"", ""需求等级：46""]","[""全职业""]",[],[],[],"{""+0"": [""耐久：[65/65]"", ""水抵抗力: %d"", ""需求等级：46""], ""+1"": [""耐久：[66/66]"", ""水抵抗力: %d"", ""需求等级：46""], ""+2"": [""耐久：[67/67]"", ""水抵抗力: %d"", ""需求等级：46""], ""+3"": [""耐久：[68/68]"", ""水抵抗力: %d"", ""需求等级：46""], ""+4"": [""耐久：[69/69]"", ""水抵抗力: %d"", ""需求等级：46""], ""+5"": [""耐久：[71/71]"", ""水抵抗力: %d"", ""需求等级：46""], ""+6"": [""耐久：[73/73]"", ""水抵抗力: %d"", ""需求等级：46""], ""+7"": [""耐久：[75/75]"", ""水抵抗力: %d"", ""需求等级：46""], ""+8"": [""耐久：[77/77]"", ""水抵抗力: %d"", ""需求等级：46""], ""+9"": [""耐久：[79/79]"", ""水抵抗力: %d"", ""需求等级：46""], ""+10"": [""耐久：[82/82]"", ""水抵抗力: %d"", ""需求等级：46""], ""+11"": [""耐久：[86/86]"", ""水抵抗力: %d"", ""需求等级：46""], ""+12"": [""耐久：[91/91]"", ""水抵抗力: %d"", ""需求等级：46""], ""+13"": [""耐久：[97/97]"", ""水抵抗力: %d"", ""需求等级：46""], ""+14"": [""耐久：[104/104]"", ""水抵抗力: %d"", ""需求等级：46""], ""+15"": [""耐久：[112/112]"", ""水抵抗力: %d"", ""需求等级：46""]}","{""+0"": [""耐久：[112/112]"", ""水抵抗力: %d"", ""需求等级：46""], ""+1"": [""耐久：[112/112]"", ""水抵抗力: %d"", ""需求等级：46"", ""生命自动回复+1%"", ""攻击力/魔法攻击力/诅咒能力增加+4""], ""+2"": [""耐久：[112/112]"", ""水抵抗力: %d"", ""需求等级：46"", ""生命自动回复+2%"", ""攻击力/魔法攻击力/诅咒能力增加+8""], ""+3"": [""耐久：[112/112]"", ""水抵抗力: %d"", ""需求等级：46"", ""生命自动回复+3%"", ""攻击力/魔法攻击力/诅咒能力增加+12""], ""+4"": [""耐久：[112/112]"", ""水抵抗力: %d"", ""需求等级：46"", ""生命自动回复+4%"", ""攻击力/魔法攻击力/诅咒能力增加+16""]}"
https://mu.dvg.cn/item_list.php?atype=2,凯文的 水之项链,https://mu.dvg.cn/item_info.php?id=6562,https://mu.dvg.cn/source/n_itemlitpic/waternecklace.png,output\icons_64x64\凯文的水之项链.png,Gaion's Pendant of Water,凯文的 물의목걸이,1013027,13-27,"[""耐久：[65/65]"", ""水抵抗力: %d"", ""需求等级：46""]","[""全职业""]",[],[],"[""[Lv.128]炼狱魔王"", ""[Lv.120]幽灵斗士(精英)"", ""[Lv.121]幽灵角斗士(精英)"", ""[Lv.122]幽灵屠杀者(精英)"", ""[Lv.123]幽灵残酷暗杀者(精英)"", ""[Lv.124]幽灵残酷巨人(精英)""]","{""+0"": [""耐久：[65/65]"", ""水抵抗力: %d"", ""需求等级：46""], ""+1"": [""耐久：[66/66]"", ""水抵抗力: %d"", ""需求等级：46""], ""+2"": [""耐久：[67/67]"", ""水抵抗力: %d"", ""需求等级：46""], ""+3"": [""耐久：[68/68]"", ""水抵抗力: %d"", ""需求等级：46""], ""+4"": [""耐久：[69/69]"", ""水抵抗力: %d"", ""需求等级：46""], ""+5"": [""耐久：[71/71]"", ""水抵抗力: %d"", ""需求等级：46""], ""+6"": [""耐久：[73/73]"", ""水抵抗力: %d"", ""需求等级：46""], ""+7"": [""耐久：[75/75]"", ""水抵抗力: %d"", ""需求等级：46""], ""+8"": [""耐久：[77/77]"", ""水抵抗力: %d"", ""需求等级：46""], ""+9"": [""耐久：[79/79]"", ""水抵抗力: %d"", ""需求等级：46""], ""+10"": [""耐久：[82/82]"", ""水抵抗力: %d"", ""需求等级：46""], ""+11"": [""耐久：[86/86]"", ""水抵抗力: %d"", ""需求等级：46""], ""+12"": [""耐久：[91/91]"", ""水抵抗力: %d"", ""需求等级：46""], ""+13"": [""耐久：[97/97]"", ""水抵抗力: %d"", ""需求等级：46""], ""+14"": [""耐久：[104/104]"", ""水抵抗力: %d"", ""需求等级：46""], ""+15"": [""耐久：[112/112]"", ""水抵抗力: %d"", ""需求等级：46""]}","{""+0"": [""耐久：[112/112]"", ""水抵抗力: %d"", ""需求等级：46""], ""+1"": [""耐久：[112/112]"", ""水抵抗力: %d"", ""需求等级：46"", ""生命自动回复+1%"", ""攻击力/魔法攻击力/诅咒能力增加+4""], ""+2"": [""耐久：[112/112]"", ""水抵抗力: %d"", ""需求等级：46"", ""生命自动回复+2%"", ""攻击力/魔法攻击力/诅咒能力增加+8""], ""+3"": [""耐久：[112/112]"", ""水抵抗力: %d"", ""需求等级：46"", ""生命自动回复+3%"", ""攻击力/魔法攻击力/诅咒能力增加+12""], ""+4"": [""耐久：[112/112]"", ""水抵抗力: %d"", ""需求等级：46"", ""生命自动回复+4%"", ""攻击力/魔法攻击力/诅咒能力增加+16""]}"
https://mu.dvg.cn/item_list.php?atype=2,卓越的 水之项链,https://mu.dvg.cn/item_info.php?id=6574,https://mu.dvg.cn/source/n_itemlitpic/waternecklace.png,output\icons_64x64\卓越的水之项链.png,Excellent Pendant of Water,엑설런트 엑설런트 물의목걸이,1013027,13-27,"[""耐久：[65/65]"", ""水抵抗力: %d"", ""需求等级：46""]","[""全职业""]",[],"[""卓越一击概率 增加 +10%"", ""攻击力/魔法攻击力 每20等级增加 1"", ""攻击力/魔法攻击力增加 +2%"", ""攻击(魔法)速度增加 +7"", ""杀死怪物时所获（生命值/8）"", ""杀死怪物时所获（魔法值/8）"", """"]","[""[Lv.74]海魔希特拉"", ""[Lv.72]铁脊怪"", ""[Lv.76]巨齿兽"", ""[Lv.80]铁轮战士"", ""[Lv.72]丛林树精灵"", ""[Lv.74]丛林残暴者"", ""[Lv.78]丛林暗杀者"", ""[Lv.75]阿卡摩斯"", ""[Lv.78]恶灵"", ""[Lv.82]风后"", ""[Lv.86]蓝魔龙"", ""[Lv.92]恶灵王"", ""[Lv.96]幻影骑士"", ""[Lv.100]红魔龙"", ""[Lv.108]天魔菲尼斯"", ""[Lv.80]裂角狼"", ""[Lv.82]金甲兽"", ""[Lv.75]巨斧战士"", ""[Lv.78]冷血变异者"", ""[Lv.200]地下城的独眼巨人"", ""[Lv.200]地下城的幽灵"", ""[Lv.225]地下城的骷髅弓箭手"", ""[Lv.225]地下城的地狱猎犬怪"", ""[Lv.250]地下城的假面武士"", ""[Lv.250]地下城的地狱蜘蛛"", ""[Lv.275]地下城的死灵巫师"", ""[Lv.275]地下城的毒牛怪"", ""[Lv.275]地下城的暗黑骑士"", ""[Lv.300]地下城的魔鬼戈登"", ""[Lv.275]枯树蛮牛怪"", ""[Lv.275]枯树长者"", ""[Lv.275]黑闇吞噬者"", ""[Lv.275]毒沼游荡者"", ""[Lv.380]库贝拉锄头矿工"", ""[Lv.380]库贝拉车夫"", ""[Lv.380]库贝拉布袋矿工"", ""[Lv.380]库贝拉采掘者"", ""[Lv.400]库贝拉废矿矿工"", ""[Lv.400]库贝拉废矿挖土工"", ""[Lv.400]库贝拉废矿布袋矿工"", ""[Lv.410]深渊之小巴哈姆特"", ""[Lv.410]深渊之死亡美人鱼"", ""[Lv.435]深渊之中巴哈姆特"", ""[Lv.435]深渊之银弓海怪"", ""[Lv.460]深渊之大巴哈姆特"", ""[Lv.460]深渊之巫师王"", ""[Lv.470]魔刃战士"", ""[Lv.470]毒蝎刺客"", ""[Lv.470]黑焰法师"", ""[Lv.490]红烟之阿卡摩斯"", ""[Lv.490]红烟之风后"", ""[Lv.495]红烟之恶灵"", ""[Lv.495]红烟之恶灵王"", ""[Lv.500]红烟之幻影骑士"", ""[Lv.520]神殿吞噬者"", ""[Lv.525]神殿破坏者"", ""[Lv.530]神殿凶魔怪"", ""[Lv.550]暗魂树灵"", ""[Lv.555]魔刃破坏者"", ""[Lv.555]暗魂使徒"", ""[Lv.560]暗魂女巫"", ""[Lv.585]炽焰狼人"", ""[Lv.585]炽焰魔牛"", ""[Lv.590]燃血鹰身人"", ""[Lv.615]地下假面巫"", ""[Lv.620]地下毒步妖"", ""[Lv.620]地下恐惧天使"", ""[Lv.750]幻影刺客"", ""[Lv.750]末日行者"", ""[Lv.750]末日指挥官"", ""[Lv.800]燃血铁脊怪"", ""[Lv.800]燃血巨齿兽"", ""[Lv.800]燃血黑炎魔"", ""[Lv.800]燃血破坏骑士"", ""[Lv.850]风暴之锤"", ""[Lv.850]风暴之刺"", ""[Lv.850]风暴之灵"", ""[Lv.900]原始坎德拉"", ""[Lv.900]猩红克里塔"", ""[Lv.900]始祖戈洛"", ""[Lv.950]炼狱魔镰"", ""[Lv.950]炼狱剑魔"", ""[Lv.950]炼狱女王"", ""[Lv.1000]黯血武士"", ""[Lv.1000]黯血守卫"", ""[Lv.1000]黯血女王"", ""[Lv.1010]黯血武士(精英)"", ""[Lv.1010]黯血守卫(精英)"", ""[Lv.1010]黯血女王(精英)""]","{""+0"": [""耐久：[65/65]"", ""水抵抗力: %d"", ""需求等级：46""], ""+1"": [""耐久：[66/66]"", ""水抵抗力: %d"", ""需求等级：46""], ""+2"": [""耐久：[67/67]"", ""水抵抗力: %d"", ""需求等级：46""], ""+3"": [""耐久：[68/68]"", ""水抵抗力: %d"", ""需求等级：46""], ""+4"": [""耐久：[69/69]"", ""水抵抗力: %d"", ""需求等级：46""], ""+5"": [""耐久：[71/71]"", ""水抵抗力: %d"", ""需求等级：46""], ""+6"": [""耐久：[73/73]"", ""水抵抗力: %d"", ""需求等级：46""], ""+7"": [""耐久：[75/75]"", ""水抵抗力: %d"", ""需求等级：46""], ""+8"": [""耐久：[77/77]"", ""水抵抗力: %d"", ""需求等级：46""], ""+9"": [""耐久：[79/79]"", ""水抵抗力: %d"", ""需求等级：46""], ""+10"": [""耐久：[82/82]"", ""水抵抗力: %d"", ""需求等级：46""], ""+11"": [""耐久：[86/86]"", ""水抵抗力: %d"", ""需求等级：46""], ""+12"": [""耐久：[91/91]"", ""水抵抗力: %d"", ""需求等级：46""], ""+13"": [""耐久：[97/97]"", ""水抵抗力: %d"", ""需求等级：46""], ""+14"": [""耐久：[104/104]"", ""水抵抗力: %d"", ""需求等级：46""], ""+15"": [""耐久：[112/112]"", ""水抵抗力: %d"", ""需求等级：46""]}","{""+0"": [""耐久：[112/112]"", ""水抵抗力: %d"", ""需求等级：46""], ""+1"": [""耐久：[112/112]"", ""水抵抗力: %d"", ""需求等级：46"", ""生命自动回复+1%"", ""攻击力/魔法攻击力/诅咒能力增加+4""], ""+2"": [""耐久：[112/112]"", ""水抵抗力: %d"", ""需求等级：46"", ""生命自动回复+2%"", ""攻击力/魔法攻击力/诅咒能力增加+8""], ""+3"": [""耐久：[112/112]"", ""水抵抗力: %d"", ""需求等级：46"", ""生命自动回复+3%"", ""攻击力/魔法攻击力/诅咒能力增加+12""], ""+4"": [""耐久：[112/112]"", ""水抵抗力: %d"", ""需求等级：46"", ""生命自动回复+4%"", ""攻击力/魔法攻击力/诅咒能力增加+16""]}"
https://mu.dvg.cn/item_list.php?atype=2,风之项链,https://mu.dvg.cn/item_info.php?id=3820,https://mu.dvg.cn/source/n_itemlitpic/windnecklace.png,output\icons_64x64\风之项链.png,Pendant of Wind,바람의목걸이,1013026,13-26,"[""耐久：[65/65]"", ""风抵抗力: %d"", ""需求等级：42""]","[""全职业""]",[],[],[],"{""+0"": [""耐久：[65/65]"", ""风抵抗力: %d"", ""需求等级：42""], ""+1"": [""耐久：[66/66]"", ""风抵抗力: %d"", ""需求等级：42""], ""+2"": [""耐久：[67/67]"", ""风抵抗力: %d"", ""需求等级：42""], ""+3"": [""耐久：[68/68]"", ""风抵抗力: %d"", ""需求等级：42""], ""+4"": [""耐久：[69/69]"", ""风抵抗力: %d"", ""需求等级：42""], ""+5"": [""耐久：[71/71]"", ""风抵抗力: %d"", ""需求等级：42""], ""+6"": [""耐久：[73/73]"", ""风抵抗力: %d"", ""需求等级：42""], ""+7"": [""耐久：[75/75]"", ""风抵抗力: %d"", ""需求等级：42""], ""+8"": [""耐久：[77/77]"", ""风抵抗力: %d"", ""需求等级：42""], ""+9"": [""耐久：[79/79]"", ""风抵抗力: %d"", ""需求等级：42""], ""+10"": [""耐久：[82/82]"", ""风抵抗力: %d"", ""需求等级：42""], ""+11"": [""耐久：[86/86]"", ""风抵抗力: %d"", ""需求等级：42""], ""+12"": [""耐久：[91/91]"", ""风抵抗力: %d"", ""需求等级：42""], ""+13"": [""耐久：[97/97]"", ""风抵抗力: %d"", ""需求等级：42""], ""+14"": [""耐久：[104/104]"", ""风抵抗力: %d"", ""需求等级：42""], ""+15"": [""耐久：[112/112]"", ""风抵抗力: %d"", ""需求等级：42""]}","{""+0"": [""耐久：[112/112]"", ""风抵抗力: %d"", ""需求等级：42""], ""+1"": [""耐久：[112/112]"", ""风抵抗力: %d"", ""需求等级：42"", ""生命自动回复+1%"", ""攻击力/魔法攻击力/诅咒能力增加+4""], ""+2"": [""耐久：[112/112]"", ""风抵抗力: %d"", ""需求等级：42"", ""生命自动回复+2%"", ""攻击力/魔法攻击力/诅咒能力增加+8""], ""+3"": [""耐久：[112/112]"", ""风抵抗力: %d"", ""需求等级：42"", ""生命自动回复+3%"", ""攻击力/魔法攻击力/诅咒能力增加+12""], ""+4"": [""耐久：[112/112]"", ""风抵抗力: %d"", ""需求等级：42"", ""生命自动回复+4%"", ""攻击力/魔法攻击力/诅咒能力增加+16""]}"
https://mu.dvg.cn/item_list.php?atype=2&type=0&p=2,索尔思的 风之项链,https://mu.dvg.cn/item_info.php?id=6561,https://mu.dvg.cn/source/n_itemlitpic/windnecklace.png,output\icons_64x64\索尔思的风之项链.png,Evis's Pendant of Wind,索尔思的 바람의목걸이,1013026,13-26,"[""耐久：[65/65]"", ""风抵抗力: %d"", ""需求等级：42""]","[""全职业""]",[],[],[],"{""+0"": [""耐久：[65/65]"", ""风抵抗力: %d"", ""需求等级：42""], ""+1"": [""耐久：[66/66]"", ""风抵抗力: %d"", ""需求等级：42""], ""+2"": [""耐久：[67/67]"", ""风抵抗力: %d"", ""需求等级：42""], ""+3"": [""耐久：[68/68]"", ""风抵抗力: %d"", ""需求等级：42""], ""+4"": [""耐久：[69/69]"", ""风抵抗力: %d"", ""需求等级：42""], ""+5"": [""耐久：[71/71]"", ""风抵抗力: %d"", ""需求等级：42""], ""+6"": [""耐久：[73/73]"", ""风抵抗力: %d"", ""需求等级：42""], ""+7"": [""耐久：[75/75]"", ""风抵抗力: %d"", ""需求等级：42""], ""+8"": [""耐久：[77/77]"", ""风抵抗力: %d"", ""需求等级：42""], ""+9"": [""耐久：[79/79]"", ""风抵抗力: %d"", ""需求等级：42""], ""+10"": [""耐久：[82/82]"", ""风抵抗力: %d"", ""需求等级：42""], ""+11"": [""耐久：[86/86]"", ""风抵抗力: %d"", ""需求等级：42""], ""+12"": [""耐久：[91/91]"", ""风抵抗力: %d"", ""需求等级：42""], ""+13"": [""耐久：[97/97]"", ""风抵抗力: %d"", ""需求等级：42""], ""+14"": [""耐久：[104/104]"", ""风抵抗力: %d"", ""需求等级：42""], ""+15"": [""耐久：[112/112]"", ""风抵抗力: %d"", ""需求等级：42""]}","{""+0"": [""耐久：[112/112]"", ""风抵抗力: %d"", ""需求等级：42""], ""+1"": [""耐久：[112/112]"", ""风抵抗力: %d"", ""需求等级：42"", ""生命自动回复+1%"", ""攻击力/魔法攻击力/诅咒能力增加+4""], ""+2"": [""耐久：[112/112]"", ""风抵抗力: %d"", ""需求等级：42"", ""生命自动回复+2%"", ""攻击力/魔法攻击力/诅咒能力增加+8""], ""+3"": [""耐久：[112/112]"", ""风抵抗力: %d"", ""需求等级：42"", ""生命自动回复+3%"", ""攻击力/魔法攻击力/诅咒能力增加+12""], ""+4"": [""耐久：[112/112]"", ""风抵抗力: %d"", ""需求等级：42"", ""生命自动回复+4%"", ""攻击力/魔法攻击力/诅咒能力增加+16""]}"
https://mu.dvg.cn/item_list.php?atype=2&type=0&p=2,卓越的 风之项链,https://mu.dvg.cn/item_info.php?id=6573,https://mu.dvg.cn/source/n_itemlitpic/windnecklace.png,output\icons_64x64\卓越的风之项链.png,Excellent Pendant of Wind,엑설런트 엑설런트 바람의목걸이,1013026,13-26,"[""耐久：[65/65]"", ""风抵抗力: %d"", ""需求等级：42""]","[""全职业""]",[],"[""卓越一击概率 增加 +10%"", ""攻击力/魔法攻击力 每20等级增加 1"", ""攻击力/魔法攻击力增加 +2%"", ""攻击(魔法)速度增加 +7"", ""杀死怪物时所获（生命值/8）"", ""杀死怪物时所获（魔法值/8）"", """"]","[""[Lv.68]银弓海怪"", ""[Lv.70]巫师王"", ""[Lv.74]海魔希特拉"", ""[Lv.72]铁脊怪"", ""[Lv.76]巨齿兽"", ""[Lv.72]丛林树精灵"", ""[Lv.74]丛林残暴者"", ""[Lv.78]丛林暗杀者"", ""[Lv.75]阿卡摩斯"", ""[Lv.78]恶灵"", ""[Lv.82]风后"", ""[Lv.86]蓝魔龙"", ""[Lv.92]恶灵王"", ""[Lv.96]幻影骑士"", ""[Lv.100]红魔龙"", ""[Lv.108]天魔菲尼斯"", ""[Lv.75]巨斧战士"", ""[Lv.78]冷血变异者"", ""[Lv.200]地下城的独眼巨人"", ""[Lv.200]地下城的幽灵"", ""[Lv.225]地下城的骷髅弓箭手"", ""[Lv.225]地下城的地狱猎犬怪"", ""[Lv.250]地下城的假面武士"", ""[Lv.250]地下城的地狱蜘蛛"", ""[Lv.275]地下城的死灵巫师"", ""[Lv.275]地下城的毒牛怪"", ""[Lv.275]地下城的暗黑骑士"", ""[Lv.300]地下城的魔鬼戈登"", ""[Lv.275]枯树蛮牛怪"", ""[Lv.275]枯树长者"", ""[Lv.275]黑暗吞噬者"", ""[Lv.275]毒沼游荡者"", ""[Lv.380]库贝拉锄头矿工"", ""[Lv.380]库贝拉车夫"", ""[Lv.380]库贝拉布袋矿工"", ""[Lv.380]库贝拉采掘者"", ""[Lv.400]库贝拉废矿矿工"", ""[Lv.400]库贝拉废矿挖土工"", ""[Lv.400]库贝拉废矿布袋矿工"", ""[Lv.410]深渊之小巴哈姆特"", ""[Lv.410]深渊之死亡美人鱼"", ""[Lv.435]深渊之中巴哈姆特"", ""[Lv.435]深渊之银弓海怪"", ""[Lv.460]深渊之大巴哈姆特"", ""[Lv.460]深渊之巫师王"", ""[Lv.470]魔刃战士"", ""[Lv.470]毒蝎刺客"", ""[Lv.470]黑焰法师"", ""[Lv.490]红烟之阿卡摩斯"", ""[Lv.490]红烟之风后"", ""[Lv.495]红烟之恶灵"", ""[Lv.495]红烟之恶灵王"", ""[Lv.500]红烟之幻影骑士"", ""[Lv.520]神殿吞噬者"", ""[Lv.525]神殿破坏者"", ""[Lv.530]神殿凶魔怪"", ""[Lv.550]暗魂树灵"", ""[Lv.555]魔刃破坏者"", ""[Lv.555]暗魂使徒"", ""[Lv.560]暗魂女巫"", ""[Lv.585]炽焰狼人"", ""[Lv.585]炽焰魔牛"", ""[Lv.590]燃血鹰身人"", ""[Lv.615]地下假面巫"", ""[Lv.620]地下毒步妖"", ""[Lv.620]地下恐惧天使"", ""[Lv.750]幻影刺客"", ""[Lv.750]末日行者"", ""[Lv.750]末日指挥官"", ""[Lv.800]燃血铁脊怪"", ""[Lv.800]燃血巨齿兽"", ""[Lv.800]燃血黑炎魔"", ""[Lv.800]燃血破坏骑士"", ""[Lv.850]风暴之锤"", ""[Lv.850]风暴之刺"", ""[Lv.850]风暴之灵"", ""[Lv.900]原始坎德拉"", ""[Lv.900]猩红克里塔"", ""[Lv.900]始祖戈洛"", ""[Lv.950]炼狱魔镰"", ""[Lv.950]炼狱剑魔"", ""[Lv.950]炼狱女王"", ""[Lv.1000]黯血武士"", ""[Lv.1000]黯血守卫"", ""[Lv.1000]黯血女王"", ""[Lv.1010]黯血武士(精英)"", ""[Lv.1010]黯血守卫(精英)"", ""[Lv.1010]黯血女王(精英)""]","{""+0"": [""耐久：[65/65]"", ""风抵抗力: %d"", ""需求等级：42""], ""+1"": [""耐久：[66/66]"", ""风抵抗力: %d"", ""需求等级：42""], ""+2"": [""耐久：[67/67]"", ""风抵抗力: %d"", ""需求等级：42""], ""+3"": [""耐久：[68/68]"", ""风抵抗力: %d"", ""需求等级：42""], ""+4"": [""耐久：[69/69]"", ""风抵抗力: %d"", ""需求等级：42""], ""+5"": [""耐久：[71/71]"", ""风抵抗力: %d"", ""需求等级：42""], ""+6"": [""耐久：[73/73]"", ""风抵抗力: %d"", ""需求等级：42""], ""+7"": [""耐久：[75/75]"", ""风抵抗力: %d"", ""需求等级：42""], ""+8"": [""耐久：[77/77]"", ""风抵抗力: %d"", ""需求等级：42""], ""+9"": [""耐久：[79/79]"", ""风抵抗力: %d"", ""需求等级：42""], ""+10"": [""耐久：[82/82]"", ""风抵抗力: %d"", ""需求等级：42""], ""+11"": [""耐久：[86/86]"", ""风抵抗力: %d"", ""需求等级：42""], ""+12"": [""耐久：[91/91]"", ""风抵抗力: %d"", ""需求等级：42""], ""+13"": [""耐久：[97/97]"", ""风抵抗力: %d"", ""需求等级：42""], ""+14"": [""耐久：[104/104]"", ""风抵抗力: %d"", ""需求等级：42""], ""+15"": [""耐久：[112/112]"", ""风抵抗力: %d"", ""需求等级：42""]}","{""+0"": [""耐久：[112/112]"", ""风抵抗力: %d"", ""需求等级：42""], ""+1"": [""耐久：[112/112]"", ""风抵抗力: %d"", ""需求等级：42"", ""生命自动回复+1%"", ""攻击力/魔法攻击力/诅咒能力增加+4""], ""+2"": [""耐久：[112/112]"", ""风抵抗力: %d"", ""需求等级：42"", ""生命自动回复+2%"", ""攻击力/魔法攻击力/诅咒能力增加+8""], ""+3"": [""耐久：[112/112]"", ""风抵抗力: %d"", ""需求等级：42"", ""生命自动回复+3%"", ""攻击力/魔法攻击力/诅咒能力增加+12""], ""+4"": [""耐久：[112/112]"", ""风抵抗力: %d"", ""需求等级：42"", ""生命自动回复+4%"", ""攻击力/魔法攻击力/诅咒能力增加+16""]}"
https://mu.dvg.cn/item_list.php?atype=2&type=0&p=2,冰之项链,https://mu.dvg.cn/item_info.php?id=3819,https://mu.dvg.cn/source/n_itemlitpic/icenecklace.png,output\icons_64x64\冰之项链.png,Pendant of Ice,얼음의목걸이,1013025,13-25,"[""耐久：[65/65]"", ""冰抵抗力: %d"", ""需求等级：34""]","[""全职业""]",[],[],[],"{""+0"": [""耐久：[65/65]"", ""冰抵抗力: %d"", ""需求等级：34""], ""+1"": [""耐久：[66/66]"", ""冰抵抗力: %d"", ""需求等级：34""], ""+2"": [""耐久：[67/67]"", ""冰抵抗力: %d"", ""需求等级：34""], ""+3"": [""耐久：[68/68]"", ""冰抵抗力: %d"", ""需求等级：34""], ""+4"": [""耐久：[69/69]"", ""冰抵抗力: %d"", ""需求等级：34""], ""+5"": [""耐久：[71/71]"", ""冰抵抗力: %d"", ""需求等级：34""], ""+6"": [""耐久：[73/73]"", ""冰抵抗力: %d"", ""需求等级：34""], ""+7"": [""耐久：[75/75]"", ""冰抵抗力: %d"", ""需求等级：34""], ""+8"": [""耐久：[77/77]"", ""冰抵抗力: %d"", ""需求等级：34""], ""+9"": [""耐久：[79/79]"", ""冰抵抗力: %d"", ""需求等级：34""], ""+10"": [""耐久：[82/82]"", ""冰抵抗力: %d"", ""需求等级：34""], ""+11"": [""耐久：[86/86]"", ""冰抵抗力: %d"", ""需求等级：34""], ""+12"": [""耐久：[91/91]"", ""冰抵抗力: %d"", ""需求等级：34""], ""+13"": [""耐久：[97/97]"", ""冰抵抗力: %d"", ""需求等级：34""], ""+14"": [""耐久：[104/104]"", ""冰抵抗力: %d"", ""需求等级：34""], ""+15"": [""耐久：[112/112]"", ""冰抵抗力: %d"", ""需求等级：34""]}","{""+0"": [""耐久：[112/112]"", ""冰抵抗力: %d"", ""需求等级：34""], ""+1"": [""耐久：[112/112]"", ""冰抵抗力: %d"", ""需求等级：34"", ""生命自动回复+1%"", ""攻击力/魔法攻击力/诅咒能力增加+4""], ""+2"": [""耐久：[112/112]"", ""冰抵抗力: %d"", ""需求等级：34"", ""生命自动回复+2%"", ""攻击力/魔法攻击力/诅咒能力增加+8""], ""+3"": [""耐久：[112/112]"", ""冰抵抗力: %d"", ""需求等级：34"", ""生命自动回复+3%"", ""攻击力/魔法攻击力/诅咒能力增加+12""], ""+4"": [""耐久：[112/112]"", ""冰抵抗力: %d"", ""需求等级：34"", ""生命自动回复+4%"", ""攻击力/魔法攻击力/诅咒能力增加+16""]}"
https://mu.dvg.cn/item_list.php?atype=2&type=0&p=2,奥维兰的 冰之项链,https://mu.dvg.cn/item_info.php?id=6559,https://mu.dvg.cn/source/n_itemlitpic/icenecklace.png,output\icons_64x64\奥维兰的冰之项链.png,Apollo's Pendant of Ice,奥维兰的 얼음의목걸이,1013025,13-25,"[""耐久：[65/65]"", ""冰抵抗力: %d"", ""需求等级：34""]","[""全职业""]",[],[],[],"{""+0"": [""耐久：[65/65]"", ""冰抵抗力: %d"", ""需求等级：34""], ""+1"": [""耐久：[66/66]"", ""冰抵抗力: %d"", ""需求等级：34""], ""+2"": [""耐久：[67/67]"", ""冰抵抗力: %d"", ""需求等级：34""], ""+3"": [""耐久：[68/68]"", ""冰抵抗力: %d"", ""需求等级：34""], ""+4"": [""耐久：[69/69]"", ""冰抵抗力: %d"", ""需求等级：34""], ""+5"": [""耐久：[71/71]"", ""冰抵抗力: %d"", ""需求等级：34""], ""+6"": [""耐久：[73/73]"", ""冰抵抗力: %d"", ""需求等级：34""], ""+7"": [""耐久：[75/75]"", ""冰抵抗力: %d"", ""需求等级：34""], ""+8"": [""耐久：[77/77]"", ""冰抵抗力: %d"", ""需求等级：34""], ""+9"": [""耐久：[79/79]"", ""冰抵抗力: %d"", ""需求等级：34""], ""+10"": [""耐久：[82/82]"", ""冰抵抗力: %d"", ""需求等级：34""], ""+11"": [""耐久：[86/86]"", ""冰抵抗力: %d"", ""需求等级：34""], ""+12"": [""耐久：[91/91]"", ""冰抵抗力: %d"", ""需求等级：34""], ""+13"": [""耐久：[97/97]"", ""冰抵抗力: %d"", ""需求等级：34""], ""+14"": [""耐久：[104/104]"", ""冰抵抗力: %d"", ""需求等级：34""], ""+15"": [""耐久：[112/112]"", ""冰抵抗力: %d"", ""需求等级：34""]}","{""+0"": [""耐久：[112/112]"", ""冰抵抗力: %d"", ""需求等级：34""], ""+1"": [""耐久：[112/112]"", ""冰抵抗力: %d"", ""需求等级：34"", ""生命自动回复+1%"", ""攻击力/魔法攻击力/诅咒能力增加+4""], ""+2"": [""耐久：[112/112]"", ""冰抵抗力: %d"", ""需求等级：34"", ""生命自动回复+2%"", ""攻击力/魔法攻击力/诅咒能力增加+8""], ""+3"": [""耐久：[112/112]"", ""冰抵抗力: %d"", ""需求等级：34"", ""生命自动回复+3%"", ""攻击力/魔法攻击力/诅咒能力增加+12""], ""+4"": [""耐久：[112/112]"", ""冰抵抗力: %d"", ""需求等级：34"", ""生命自动回复+4%"", ""攻击力/魔法攻击力/诅咒能力增加+16""]}"
https://mu.dvg.cn/item_list.php?atype=2&type=0&p=2,阿莱斯的强化 冰之项链,https://mu.dvg.cn/item_info.php?id=6560,https://mu.dvg.cn/source/n_itemlitpic/icenecklace.png,output\icons_64x64\阿莱斯的强化冰之项链.png,Broy's Pendant of Ice,阿莱斯的强化 얼음의목걸이,1013025,13-25,"[""耐久：[65/65]"", ""冰抵抗力: %d"", ""需求等级：34""]","[""全职业""]",[],[],"[""[Lv.128]炼狱魔王"", ""[Lv.120]幽灵斗士(精英)"", ""[Lv.121]幽灵角斗士(精英)"", ""[Lv.122]幽灵屠杀者(精英)"", ""[Lv.123]幽灵残酷暗杀者(精英)"", ""[Lv.124]幽灵残酷巨人(精英)""]","{""+0"": [""耐久：[65/65]"", ""冰抵抗力: %d"", ""需求等级：34""], ""+1"": [""耐久：[66/66]"", ""冰抵抗力: %d"", ""需求等级：34""], ""+2"": [""耐久：[67/67]"", ""冰抵抗力: %d"", ""需求等级：34""], ""+3"": [""耐久：[68/68]"", ""冰抵抗力: %d"", ""需求等级：34""], ""+4"": [""耐久：[69/69]"", ""冰抵抗力: %d"", ""需求等级：34""], ""+5"": [""耐久：[71/71]"", ""冰抵抗力: %d"", ""需求等级：34""], ""+6"": [""耐久：[73/73]"", ""冰抵抗力: %d"", ""需求等级：34""], ""+7"": [""耐久：[75/75]"", ""冰抵抗力: %d"", ""需求等级：34""], ""+8"": [""耐久：[77/77]"", ""冰抵抗力: %d"", ""需求等级：34""], ""+9"": [""耐久：[79/79]"", ""冰抵抗力: %d"", ""需求等级：34""], ""+10"": [""耐久：[82/82]"", ""冰抵抗力: %d"", ""需求等级：34""], ""+11"": [""耐久：[86/86]"", ""冰抵抗力: %d"", ""需求等级：34""], ""+12"": [""耐久：[91/91]"", ""冰抵抗力: %d"", ""需求等级：34""], ""+13"": [""耐久：[97/97]"", ""冰抵抗力: %d"", ""需求等级：34""], ""+14"": [""耐久：[104/104]"", ""冰抵抗力: %d"", ""需求等级：34""], ""+15"": [""耐久：[112/112]"", ""冰抵抗力: %d"", ""需求等级：34""]}","{""+0"": [""耐久：[112/112]"", ""冰抵抗力: %d"", ""需求等级：34""], ""+1"": [""耐久：[112/112]"", ""冰抵抗力: %d"", ""需求等级：34"", ""生命自动回复+1%"", ""攻击力/魔法攻击力/诅咒能力增加+4""], ""+2"": [""耐久：[112/112]"", ""冰抵抗力: %d"", ""需求等级：34"", ""生命自动回复+2%"", ""攻击力/魔法攻击力/诅咒能力增加+8""], ""+3"": [""耐久：[112/112]"", ""冰抵抗力: %d"", ""需求等级：34"", ""生命自动回复+3%"", ""攻击力/魔法攻击力/诅咒能力增加+12""], ""+4"": [""耐久：[112/112]"", ""冰抵抗力: %d"", ""需求等级：34"", ""生命自动回复+4%"", ""攻击力/魔法攻击力/诅咒能力增加+16""]}"
https://mu.dvg.cn/item_list.php?atype=2&type=0&p=2,卓越的 冰之项链,https://mu.dvg.cn/item_info.php?id=6572,https://mu.dvg.cn/source/n_itemlitpic/icenecklace.png,output\icons_64x64\卓越的冰之项链.png,Excellent Pendant of Ice,엑설런트 엑설런트 얼음의목걸이,1013025,13-25,"[""耐久：[65/65]"", ""冰抵抗力: %d"", ""需求等级：34""]","[""全职业""]",[],"[""卓越一击概率 增加 +10%"", ""攻击力/魔法攻击力 每20等级增加 1"", ""攻击力/魔法攻击力增加 +2%"", ""攻击(魔法)速度增加 +7"", ""杀死怪物时所获（生命值/8）"", ""杀死怪物时所获（魔法值/8）"", """"]","[""[Lv.66]大巴哈姆特"", ""[Lv.68]银弓海怪"", ""[Lv.70]巫师王"", ""[Lv.60]恶魔"", ""[Lv.62]死神骑士"", ""[Lv.64]死神戈登"", ""[Lv.200]地下城的独眼巨人"", ""[Lv.200]地下城的幽灵"", ""[Lv.225]地下城的骷髅弓箭手"", ""[Lv.225]地下城的地狱猎犬怪"", ""[Lv.250]地下城的假面武士"", ""[Lv.250]地下城的地狱蜘蛛"", ""[Lv.275]地下城的死灵巫师"", ""[Lv.275]地下城的毒牛怪"", ""[Lv.275]地下城的暗黑骑士"", ""[Lv.300]地下城的魔鬼戈登"", ""[Lv.275]枯树蛮牛怪"", ""[Lv.275]枯树长者"", ""[Lv.275]黑闇吞噬者"", ""[Lv.275]毒沼游荡者"", ""[Lv.380]库贝拉锄头矿工"", ""[Lv.380]库贝拉车夫"", ""[Lv.380]库贝拉布袋矿工"", ""[Lv.380]库贝拉采掘者"", ""[Lv.400]库贝拉废矿矿工"", ""[Lv.400]库贝拉废矿挖土工"", ""[Lv.400]库贝拉废矿布袋矿工"", ""[Lv.410]深渊之小巴哈姆特"", ""[Lv.410]深渊之死亡美人鱼"", ""[Lv.435]深渊之中巴哈姆特"", ""[Lv.435]深渊之银弓海怪"", ""[Lv.460]深渊之大巴哈姆特"", ""[Lv.460]深渊之巫师王"", ""[Lv.470]魔刃战士"", ""[Lv.470]毒蝎刺客"", ""[Lv.470]黑焰法师"", ""[Lv.490]红烟之阿卡摩斯"", ""[Lv.490]红烟之风后"", ""[Lv.495]红烟之恶灵"", ""[Lv.495]红烟之恶灵王"", ""[Lv.500]红烟之幻影骑士"", ""[Lv.520]神殿吞噬者"", ""[Lv.525]神殿破坏者"", ""[Lv.530]神殿凶魔怪"", ""[Lv.550]暗魂树灵"", ""[Lv.555]魔刃破坏者"", ""[Lv.555]暗魂使徒"", ""[Lv.560]暗魂女巫"", ""[Lv.585]炽焰狼人"", ""[Lv.585]炽焰魔牛"", ""[Lv.590]燃血鹰身人"", ""[Lv.615]地下假面巫"", ""[Lv.620]地下毒步妖"", ""[Lv.620]地下恐惧天使"", ""[Lv.750]幻影刺客"", ""[Lv.750]末日行者"", ""[Lv.750]末日指挥官"", ""[Lv.800]燃血铁脊怪"", ""[Lv.800]燃血巨齿兽"", ""[Lv.800]燃血黑炎魔"", ""[Lv.800]燃血破坏骑士"", ""[Lv.850]风暴之锤"", ""[Lv.850]风暴之刺"", ""[Lv.850]风暴之灵"", ""[Lv.900]原始坎德拉"", ""[Lv.900]猩红克里塔"", ""[Lv.900]始祖戈洛"", ""[Lv.950]炼狱魔镰"", ""[Lv.950]炼狱剑魔"", ""[Lv.950]炼狱女王"", ""[Lv.1000]黯血武士"", ""[Lv.1000]黯血守卫"", ""[Lv.1000]黯血女王"", ""[Lv.1010]黯血武士(精英)"", ""[Lv.1010]黯血守卫(精英)"", ""[Lv.1010]黯血女王(精英)""]","{""+0"": [""耐久：[65/65]"", ""冰抵抗力: %d"", ""需求等级：34""], ""+1"": [""耐久：[66/66]"", ""冰抵抗力: %d"", ""需求等级：34""], ""+2"": [""耐久：[67/67]"", ""冰抵抗力: %d"", ""需求等级：34""], ""+3"": [""耐久：[68/68]"", ""冰抵抗力: %d"", ""需求等级：34""], ""+4"": [""耐久：[69/69]"", ""冰抵抗力: %d"", ""需求等级：34""], ""+5"": [""耐久：[71/71]"", ""冰抵抗力: %d"", ""需求等级：34""], ""+6"": [""耐久：[73/73]"", ""冰抵抗力: %d"", ""需求等级：34""], ""+7"": [""耐久：[75/75]"", ""冰抵抗力: %d"", ""需求等级：34""], ""+8"": [""耐久：[77/77]"", ""冰抵抗力: %d"", ""需求等级：34""], ""+9"": [""耐久：[79/79]"", ""冰抵抗力: %d"", ""需求等级：34""], ""+10"": [""耐久：[82/82]"", ""冰抵抗力: %d"", ""需求等级：34""], ""+11"": [""耐久：[86/86]"", ""冰抵抗力: %d"", ""需求等级：34""], ""+12"": [""耐久：[91/91]"", ""冰抵抗力: %d"", ""需求等级：34""], ""+13"": [""耐久：[97/97]"", ""冰抵抗力: %d"", ""需求等级：34""], ""+14"": [""耐久：[104/104]"", ""冰抵抗力: %d"", ""需求等级：34""], ""+15"": [""耐久：[112/112]"", ""冰抵抗力: %d"", ""需求等级：34""]}","{""+0"": [""耐久：[112/112]"", ""冰抵抗力: %d"", ""需求等级：34""], ""+1"": [""耐久：[112/112]"", ""冰抵抗力: %d"", ""需求等级：34"", ""生命自动回复+1%"", ""攻击力/魔法攻击力/诅咒能力增加+4""], ""+2"": [""耐久：[112/112]"", ""冰抵抗力: %d"", ""需求等级：34"", ""生命自动回复+2%"", ""攻击力/魔法攻击力/诅咒能力增加+8""], ""+3"": [""耐久：[112/112]"", ""冰抵抗力: %d"", ""需求等级：34"", ""生命自动回复+3%"", ""攻击力/魔法攻击力/诅咒能力增加+12""], ""+4"": [""耐久：[112/112]"", ""冰抵抗力: %d"", ""需求等级：34"", ""生命自动回复+4%"", ""攻击力/魔法攻击力/诅咒能力增加+16""]}"
https://mu.dvg.cn/item_list.php?atype=2&type=0&p=2,雷之项链,https://mu.dvg.cn/item_info.php?id=3806,https://mu.dvg.cn/source/n_itemlitpic/necklace01.png,output\icons_64x64\雷之项链.png,Pendant of Lightning,번개의목걸이,1013012,13-12,"[""耐久：[65/65]"", ""电抵抗力: %d"", ""需求等级：21""]","[""全职业""]",[],[],[],"{""+0"": [""耐久：[65/65]"", ""电抵抗力: %d"", ""需求等级：21""], ""+1"": [""耐久：[66/66]"", ""电抵抗力: %d"", ""需求等级：21""], ""+2"": [""耐久：[67/67]"", ""电抵抗力: %d"", ""需求等级：21""], ""+3"": [""耐久：[68/68]"", ""电抵抗力: %d"", ""需求等级：21""], ""+4"": [""耐久：[69/69]"", ""电抵抗力: %d"", ""需求等级：21""], ""+5"": [""耐久：[71/71]"", ""电抵抗力: %d"", ""需求等级：21""], ""+6"": [""耐久：[73/73]"", ""电抵抗力: %d"", ""需求等级：21""], ""+7"": [""耐久：[75/75]"", ""电抵抗力: %d"", ""需求等级：21""], ""+8"": [""耐久：[77/77]"", ""电抵抗力: %d"", ""需求等级：21""], ""+9"": [""耐久：[79/79]"", ""电抵抗力: %d"", ""需求等级：21""], ""+10"": [""耐久：[82/82]"", ""电抵抗力: %d"", ""需求等级：21""], ""+11"": [""耐久：[86/86]"", ""电抵抗力: %d"", ""需求等级：21""], ""+12"": [""耐久：[91/91]"", ""电抵抗力: %d"", ""需求等级：21""], ""+13"": [""耐久：[97/97]"", ""电抵抗力: %d"", ""需求等级：21""], ""+14"": [""耐久：[104/104]"", ""电抵抗力: %d"", ""需求等级：21""], ""+15"": [""耐久：[112/112]"", ""电抵抗力: %d"", ""需求等级：21""]}","{""+0"": [""耐久：[112/112]"", ""电抵抗力: %d"", ""需求等级：21""], ""+1"": [""耐久：[112/112]"", ""电抵抗力: %d"", ""需求等级：21"", ""生命自动回复+1%"", ""攻击力/魔法攻击力/诅咒能力增加+4""], ""+2"": [""耐久：[112/112]"", ""电抵抗力: %d"", ""需求等级：21"", ""生命自动回复+2%"", ""攻击力/魔法攻击力/诅咒能力增加+8""], ""+3"": [""耐久：[112/112]"", ""电抵抗力: %d"", ""需求等级：21"", ""生命自动回复+3%"", ""攻击力/魔法攻击力/诅咒能力增加+12""], ""+4"": [""耐久：[112/112]"", ""电抵抗力: %d"", ""需求等级：21"", ""生命自动回复+4%"", ""攻击力/魔法攻击力/诅咒能力增加+16""]}"
https://mu.dvg.cn/item_list.php?atype=2&type=0&p=2,赫兰德的 雷之项链,https://mu.dvg.cn/item_info.php?id=6549,https://mu.dvg.cn/source/n_itemlitpic/necklace01.png,output\icons_64x64\赫兰德的雷之项链.png,Eplete's Pendant of Lightning,赫兰德的 번개의목걸이,1013012,13-12,"[""耐久：[65/65]"", ""电抵抗力: %d"", ""需求等级：21""]","[""全职业""]",[],[],[],"{""+0"": [""耐久：[65/65]"", ""电抵抗力: %d"", ""需求等级：21""], ""+1"": [""耐久：[66/66]"", ""电抵抗力: %d"", ""需求等级：21""], ""+2"": [""耐久：[67/67]"", ""电抵抗力: %d"", ""需求等级：21""], ""+3"": [""耐久：[68/68]"", ""电抵抗力: %d"", ""需求等级：21""], ""+4"": [""耐久：[69/69]"", ""电抵抗力: %d"", ""需求等级：21""], ""+5"": [""耐久：[71/71]"", ""电抵抗力: %d"", ""需求等级：21""], ""+6"": [""耐久：[73/73]"", ""电抵抗力: %d"", ""需求等级：21""], ""+7"": [""耐久：[75/75]"", ""电抵抗力: %d"", ""需求等级：21""], ""+8"": [""耐久：[77/77]"", ""电抵抗力: %d"", ""需求等级：21""], ""+9"": [""耐久：[79/79]"", ""电抵抗力: %d"", ""需求等级：21""], ""+10"": [""耐久：[82/82]"", ""电抵抗力: %d"", ""需求等级：21""], ""+11"": [""耐久：[86/86]"", ""电抵抗力: %d"", ""需求等级：21""], ""+12"": [""耐久：[91/91]"", ""电抵抗力: %d"", ""需求等级：21""], ""+13"": [""耐久：[97/97]"", ""电抵抗力: %d"", ""需求等级：21""], ""+14"": [""耐久：[104/104]"", ""电抵抗力: %d"", ""需求等级：21""], ""+15"": [""耐久：[112/112]"", ""电抵抗力: %d"", ""需求等级：21""]}","{""+0"": [""耐久：[112/112]"", ""电抵抗力: %d"", ""需求等级：21""], ""+1"": [""耐久：[112/112]"", ""电抵抗力: %d"", ""需求等级：21"", ""生命自动回复+1%"", ""攻击力/魔法攻击力/诅咒能力增加+4""], ""+2"": [""耐久：[112/112]"", ""电抵抗力: %d"", ""需求等级：21"", ""生命自动回复+2%"", ""攻击力/魔法攻击力/诅咒能力增加+8""], ""+3"": [""耐久：[112/112]"", ""电抵抗力: %d"", ""需求等级：21"", ""生命自动回复+3%"", ""攻击力/魔法攻击力/诅咒能力增加+12""], ""+4"": [""耐久：[112/112]"", ""电抵抗力: %d"", ""需求等级：21"", ""生命自动回复+4%"", ""攻击力/魔法攻击力/诅咒能力增加+16""]}"
https://mu.dvg.cn/item_list.php?atype=2&type=0&p=2,卓越的 雷之项链,https://mu.dvg.cn/item_info.php?id=6566,https://mu.dvg.cn/source/n_itemlitpic/necklace01.png,output\icons_64x64\卓越的雷之项链.png,Excellent Pendant of Lightning,엑설런트 엑설런트 번개의목걸이,1013012,13-12,"[""耐久：[65/65]"", ""电抵抗力: %d"", ""需求等级：21""]","[""全职业""]",[],"[""卓越一击概率 增加 +10%"", ""攻击力/魔法攻击力 每20等级增加 1"", ""攻击力/魔法攻击力增加 +2%"", ""攻击(魔法)速度增加 +7"", ""杀死怪物时所获（生命值/8）"", ""杀死怪物时所获（魔法值/8）"", """"]","[""[Lv.48]残暴的灰熊"", ""[Lv.46]毒牛怪"", ""[Lv.48]暗黑骑士"", ""[Lv.46]蓝翼海怪"", ""[Lv.47]鬼魂"", ""[Lv.50]剧毒鬼魂"", ""[Lv.54]诅咒巫师"", ""[Lv.57]牛魔王"", ""[Lv.200]地下城的独眼巨人"", ""[Lv.200]地下城的幽灵"", ""[Lv.225]地下城的骷髅弓箭手"", ""[Lv.225]地下城的地狱猎犬怪"", ""[Lv.250]地下城的假面武士"", ""[Lv.250]地下城的地狱蜘蛛"", ""[Lv.275]地下城的死灵巫师"", ""[Lv.275]地下城的毒牛怪"", ""[Lv.275]地下城的暗黑骑士"", ""[Lv.300]地下城的魔鬼戈登"", ""[Lv.275]枯树蛮牛怪"", ""[Lv.275]枯树长者"", ""[Lv.275]黑闇吞噬者"", ""[Lv.275]毒沼游荡者"", ""[Lv.380]库贝拉锄头矿工"", ""[Lv.380]库贝拉车夫"", ""[Lv.380]库贝拉布袋矿工"", ""[Lv.380]库贝拉采掘者"", ""[Lv.400]库贝拉废矿矿工"", ""[Lv.400]库贝拉废矿挖土工"", ""[Lv.400]库贝拉废矿布袋矿工"", ""[Lv.410]深渊之小巴哈姆特"", ""[Lv.410]深渊之死亡美人鱼"", ""[Lv.435]深渊之中巴哈姆特"", ""[Lv.435]深渊之银弓海怪"", ""[Lv.460]深渊之大巴哈姆特"", ""[Lv.460]深渊之巫师王"", ""[Lv.470]魔刃战士"", ""[Lv.470]毒蝎刺客"", ""[Lv.470]黑焰法师"", ""[Lv.490]红烟之阿卡摩斯"", ""[Lv.490]红烟之风后"", ""[Lv.495]红烟之恶灵"", ""[Lv.495]红烟之恶灵王"", ""[Lv.500]红烟之幻影骑士"", ""[Lv.520]神殿吞噬者"", ""[Lv.525]神殿破坏者"", ""[Lv.530]神殿凶魔怪"", ""[Lv.550]暗魂树灵"", ""[Lv.555]魔刃破坏者"", ""[Lv.555]暗魂使徒"", ""[Lv.560]暗魂女巫"", ""[Lv.585]炽焰狼人"", ""[Lv.585]炽焰魔牛"", ""[Lv.590]燃血鹰身人"", ""[Lv.615]地下假面巫"", ""[Lv.620]地下毒步妖"", ""[Lv.620]地下恐惧天使"", ""[Lv.750]幻影刺客"", ""[Lv.750]末日行者"", ""[Lv.750]末日指挥官"", ""[Lv.800]燃血铁脊怪"", ""[Lv.800]燃血巨齿兽"", ""[Lv.800]燃血黑炎魔"", ""[Lv.800]燃血破坏骑士"", ""[Lv.850]风暴之锤"", ""[Lv.850]风暴之刺"", ""[Lv.850]风暴之灵"", ""[Lv.900]原始坎德拉"", ""[Lv.900]猩红克里塔"", ""[Lv.900]始祖戈洛"", ""[Lv.950]炼狱魔镰"", ""[Lv.950]炼狱剑魔"", ""[Lv.950]炼狱女王"", ""[Lv.1000]黯血武士"", ""[Lv.1000]黯血守卫"", ""[Lv.1000]黯血女王"", ""[Lv.1010]黯血武士(精英)"", ""[Lv.1010]黯血守卫(精英)"", ""[Lv.1010]黯血女王(精英)"", ""[Lv.52]昆顿""]","{""+0"": [""耐久：[65/65]"", ""电抵抗力: %d"", ""需求等级：21""], ""+1"": [""耐久：[66/66]"", ""电抵抗力: %d"", ""需求等级：21""], ""+2"": [""耐久：[67/67]"", ""电抵抗力: %d"", ""需求等级：21""], ""+3"": [""耐久：[68/68]"", ""电抵抗力: %d"", ""需求等级：21""], ""+4"": [""耐久：[69/69]"", ""电抵抗力: %d"", ""需求等级：21""], ""+5"": [""耐久：[71/71]"", ""电抵抗力: %d"", ""需求等级：21""], ""+6"": [""耐久：[73/73]"", ""电抵抗力: %d"", ""需求等级：21""], ""+7"": [""耐久：[75/75]"", ""电抵抗力: %d"", ""需求等级：21""], ""+8"": [""耐久：[77/77]"", ""电抵抗力: %d"", ""需求等级：21""], ""+9"": [""耐久：[79/79]"", ""电抵抗力: %d"", ""需求等级：21""], ""+10"": [""耐久：[82/82]"", ""电抵抗力: %d"", ""需求等级：21""], ""+11"": [""耐久：[86/86]"", ""电抵抗力: %d"", ""需求等级：21""], ""+12"": [""耐久：[91/91]"", ""电抵抗力: %d"", ""需求等级：21""], ""+13"": [""耐久：[97/97]"", ""电抵抗力: %d"", ""需求等级：21""], ""+14"": [""耐久：[104/104]"", ""电抵抗力: %d"", ""需求等级：21""], ""+15"": [""耐久：[112/112]"", ""电抵抗力: %d"", ""需求等级：21""]}","{""+0"": [""耐久：[112/112]"", ""电抵抗力: %d"", ""需求等级：21""], ""+1"": [""耐久：[112/112]"", ""电抵抗力: %d"", ""需求等级：21"", ""生命自动回复+1%"", ""攻击力/魔法攻击力/诅咒能力增加+4""], ""+2"": [""耐久：[112/112]"", ""电抵抗力: %d"", ""需求等级：21"", ""生命自动回复+2%"", ""攻击力/魔法攻击力/诅咒能力增加+8""], ""+3"": [""耐久：[112/112]"", ""电抵抗力: %d"", ""需求等级：21"", ""生命自动回复+3%"", ""攻击力/魔法攻击力/诅咒能力增加+12""], ""+4"": [""耐久：[112/112]"", ""电抵抗力: %d"", ""需求等级：21"", ""生命自动回复+4%"", ""攻击力/魔法攻击力/诅咒能力增加+16""]}"
https://mu.dvg.cn/item_list.php?atype=2&type=0&p=2,火之项链,https://mu.dvg.cn/item_info.php?id=3807,https://mu.dvg.cn/source/n_itemlitpic/necklace02.png,output\icons_64x64\火之项链.png,Pendant of Fire,불의목걸이,1013013,13-13,"[""耐久：[65/65]"", ""火抵抗力: %d"", ""需求等级：13""]","[""全职业""]",[],[],[],"{""+0"": [""耐久：[65/65]"", ""火抵抗力: %d"", ""需求等级：13""], ""+1"": [""耐久：[66/66]"", ""火抵抗力: %d"", ""需求等级：13""], ""+2"": [""耐久：[67/67]"", ""火抵抗力: %d"", ""需求等级：13""], ""+3"": [""耐久：[68/68]"", ""火抵抗力: %d"", ""需求等级：13""], ""+4"": [""耐久：[69/69]"", ""火抵抗力: %d"", ""需求等级：13""], ""+5"": [""耐久：[71/71]"", ""火抵抗力: %d"", ""需求等级：13""], ""+6"": [""耐久：[73/73]"", ""火抵抗力: %d"", ""需求等级：13""], ""+7"": [""耐久：[75/75]"", ""火抵抗力: %d"", ""需求等级：13""], ""+8"": [""耐久：[77/77]"", ""火抵抗力: %d"", ""需求等级：13""], ""+9"": [""耐久：[79/79]"", ""火抵抗力: %d"", ""需求等级：13""], ""+10"": [""耐久：[82/82]"", ""火抵抗力: %d"", ""需求等级：13""], ""+11"": [""耐久：[86/86]"", ""火抵抗力: %d"", ""需求等级：13""], ""+12"": [""耐久：[91/91]"", ""火抵抗力: %d"", ""需求等级：13""], ""+13"": [""耐久：[97/97]"", ""火抵抗力: %d"", ""需求等级：13""], ""+14"": [""耐久：[104/104]"", ""火抵抗力: %d"", ""需求等级：13""], ""+15"": [""耐久：[112/112]"", ""火抵抗力: %d"", ""需求等级：13""]}","{""+0"": [""耐久：[112/112]"", ""火抵抗力: %d"", ""需求等级：13""], ""+1"": [""耐久：[112/112]"", ""火抵抗力: %d"", ""需求等级：13"", ""生命自动回复+1%"", ""攻击力/魔法攻击力/诅咒能力增加+4""], ""+2"": [""耐久：[112/112]"", ""火抵抗力: %d"", ""需求等级：13"", ""生命自动回复+2%"", ""攻击力/魔法攻击力/诅咒能力增加+8""], ""+3"": [""耐久：[112/112]"", ""火抵抗力: %d"", ""需求等级：13"", ""生命自动回复+3%"", ""攻击力/魔法攻击力/诅咒能力增加+12""], ""+4"": [""耐久：[112/112]"", ""火抵抗力: %d"", ""需求等级：13"", ""生命自动回复+4%"", ""攻击力/魔法攻击力/诅咒能力增加+16""]}"
https://mu.dvg.cn/item_list.php?atype=2&type=0&p=2,海德拉的 火之项链,https://mu.dvg.cn/item_info.php?id=6550,https://mu.dvg.cn/source/n_itemlitpic/necklace02.png,output\icons_64x64\海德拉的火之项链.png,Garuda's Pendant of Fire,海德拉的 불의목걸이,1013013,13-13,"[""耐久：[65/65]"", ""火抵抗力: %d"", ""需求等级：13""]","[""全职业""]",[],[],[],"{""+0"": [""耐久：[65/65]"", ""火抵抗力: %d"", ""需求等级：13""], ""+1"": [""耐久：[66/66]"", ""火抵抗力: %d"", ""需求等级：13""], ""+2"": [""耐久：[67/67]"", ""火抵抗力: %d"", ""需求等级：13""], ""+3"": [""耐久：[68/68]"", ""火抵抗力: %d"", ""需求等级：13""], ""+4"": [""耐久：[69/69]"", ""火抵抗力: %d"", ""需求等级：13""], ""+5"": [""耐久：[71/71]"", ""火抵抗力: %d"", ""需求等级：13""], ""+6"": [""耐久：[73/73]"", ""火抵抗力: %d"", ""需求等级：13""], ""+7"": [""耐久：[75/75]"", ""火抵抗力: %d"", ""需求等级：13""], ""+8"": [""耐久：[77/77]"", ""火抵抗力: %d"", ""需求等级：13""], ""+9"": [""耐久：[79/79]"", ""火抵抗力: %d"", ""需求等级：13""], ""+10"": [""耐久：[82/82]"", ""火抵抗力: %d"", ""需求等级：13""], ""+11"": [""耐久：[86/86]"", ""火抵抗力: %d"", ""需求等级：13""], ""+12"": [""耐久：[91/91]"", ""火抵抗力: %d"", ""需求等级：13""], ""+13"": [""耐久：[97/97]"", ""火抵抗力: %d"", ""需求等级：13""], ""+14"": [""耐久：[104/104]"", ""火抵抗力: %d"", ""需求等级：13""], ""+15"": [""耐久：[112/112]"", ""火抵抗力: %d"", ""需求等级：13""]}","{""+0"": [""耐久：[112/112]"", ""火抵抗力: %d"", ""需求等级：13""], ""+1"": [""耐久：[112/112]"", ""火抵抗力: %d"", ""需求等级：13"", ""生命自动回复+1%"", ""攻击力/魔法攻击力/诅咒能力增加+4""], ""+2"": [""耐久：[112/112]"", ""火抵抗力: %d"", ""需求等级：13"", ""生命自动回复+2%"", ""攻击力/魔法攻击力/诅咒能力增加+8""], ""+3"": [""耐久：[112/112]"", ""火抵抗力: %d"", ""需求等级：13"", ""生命自动回复+3%"", ""攻击力/魔法攻击力/诅咒能力增加+12""], ""+4"": [""耐久：[112/112]"", ""火抵抗力: %d"", ""需求等级：13"", ""生命自动回复+4%"", ""攻击力/魔法攻击力/诅咒能力增加+16""]}"
https://mu.dvg.cn/item_list.php?atype=2&type=0&p=2,卓越的 火之项链,https://mu.dvg.cn/item_info.php?id=6567,https://mu.dvg.cn/source/n_itemlitpic/necklace02.png,output\icons_64x64\卓越的火之项链.png,Excellent Pendant of Fire,엑설런트 엑설런트 불의목걸이,1013013,13-13,"[""耐久：[65/65]"", ""火抵抗力: %d"", ""需求等级：13""]","[""全职业""]",[],"[""卓越一击概率 增加 +10%"", ""攻击力/魔法攻击力 每20等级增加 1"", ""攻击力/魔法攻击力增加 +2%"", ""攻击(魔法)速度增加 +7"", ""杀死怪物时所获（生命值/8）"", ""杀死怪物时所获（魔法值/8）"", """"]","[""[Lv.43]灰熊"", ""[Lv.48]残暴的灰熊"", ""[Lv.38]地狱猎犬怪"", ""[Lv.40]地狱蜘蛛"", ""[Lv.42]骷髅战士"", ""[Lv.44]死灵巫师"", ""[Lv.46]毒牛怪"", ""[Lv.48]暗黑骑士"", ""[Lv.43]小巴哈姆特"", ""[Lv.45]死亡美人鱼"", ""[Lv.46]蓝翼海怪"", ""[Lv.47]鬼魂"", ""[Lv.200]地下城的独眼巨人"", ""[Lv.200]地下城的幽灵"", ""[Lv.225]地下城的骷髅弓箭手"", ""[Lv.225]地下城的地狱猎犬怪"", ""[Lv.250]地下城的假面武士"", ""[Lv.250]地下城的地狱蜘蛛"", ""[Lv.275]地下城的死灵巫师"", ""[Lv.275]地下城的毒牛怪"", ""[Lv.275]地下城的暗黑骑士"", ""[Lv.300]地下城的魔鬼戈登"", ""[Lv.275]枯树蛮牛怪"", ""[Lv.275]枯树长者"", ""[Lv.275]黑闇吞噬者"", ""[Lv.275]毒沼游荡者"", ""[Lv.380]库贝拉锄头矿工"", ""[Lv.380]库贝拉车夫"", ""[Lv.380]库贝拉布袋矿工"", ""[Lv.380]库贝拉采掘者"", ""[Lv.400]库贝拉废矿矿工"", ""[Lv.400]库贝拉废矿挖土工"", ""[Lv.400]库贝拉废矿布袋矿工"", ""[Lv.410]深渊之小巴哈姆特"", ""[Lv.410]深渊之死亡美人鱼"", ""[Lv.435]深渊之中巴哈姆特"", ""[Lv.435]深渊之银弓海怪"", ""[Lv.460]深渊之大巴哈姆特"", ""[Lv.460]深渊之巫师王"", ""[Lv.470]魔刃战士"", ""[Lv.470]毒蝎刺客"", ""[Lv.470]黑焰法师"", ""[Lv.490]红烟之阿卡摩斯"", ""[Lv.490]红烟之风后"", ""[Lv.495]红烟之恶灵"", ""[Lv.495]红烟之恶灵王"", ""[Lv.500]红烟之幻影骑士"", ""[Lv.520]神殿吞噬者"", ""[Lv.525]神殿破坏者"", ""[Lv.530]神殿凶魔怪"", ""[Lv.550]暗魂树灵"", ""[Lv.555]魔刃破坏者"", ""[Lv.555]暗魂使徒"", ""[Lv.560]暗魂女巫"", ""[Lv.585]炽焰狼人"", ""[Lv.585]炽焰魔牛"", ""[Lv.590]燃血鹰身人"", ""[Lv.615]地下假面巫"", ""[Lv.620]地下毒步妖"", ""[Lv.620]地下恐惧天使"", ""[Lv.750]幻影刺客"", ""[Lv.750]末日行者"", ""[Lv.750]末日指挥官"", ""[Lv.800]燃血铁脊怪"", ""[Lv.800]燃血巨齿兽"", ""[Lv.800]燃血黑炎魔"", ""[Lv.800]燃血破坏骑士"", ""[Lv.850]风暴之锤"", ""[Lv.850]风暴之刺"", ""[Lv.850]风暴之灵"", ""[Lv.900]原始坎德拉"", ""[Lv.900]猩红克里塔"", ""[Lv.900]始祖戈洛"", ""[Lv.950]炼狱魔镰"", ""[Lv.950]炼狱剑魔"", ""[Lv.950]炼狱女王"", ""[Lv.1000]黯血武士"", ""[Lv.1000]黯血守卫"", ""[Lv.1000]黯血女王"", ""[Lv.1010]黯血武士(精英)"", ""[Lv.1010]黯血守卫(精英)"", ""[Lv.1010]黯血女王(精英)"", ""[Lv.40]暗黑傀儡""]","{""+0"": [""耐久：[65/65]"", ""火抵抗力: %d"", ""需求等级：13""], ""+1"": [""耐久：[66/66]"", ""火抵抗力: %d"", ""需求等级：13""], ""+2"": [""耐久：[67/67]"", ""火抵抗力: %d"", ""需求等级：13""], ""+3"": [""耐久：[68/68]"", ""火抵抗力: %d"", ""需求等级：13""], ""+4"": [""耐久：[69/69]"", ""火抵抗力: %d"", ""需求等级：13""], ""+5"": [""耐久：[71/71]"", ""火抵抗力: %d"", ""需求等级：13""], ""+6"": [""耐久：[73/73]"", ""火抵抗力: %d"", ""需求等级：13""], ""+7"": [""耐久：[75/75]"", ""火抵抗力: %d"", ""需求等级：13""], ""+8"": [""耐久：[77/77]"", ""火抵抗力: %d"", ""需求等级：13""], ""+9"": [""耐久：[79/79]"", ""火抵抗力: %d"", ""需求等级：13""], ""+10"": [""耐久：[82/82]"", ""火抵抗力: %d"", ""需求等级：13""], ""+11"": [""耐久：[86/86]"", ""火抵抗力: %d"", ""需求等级：13""], ""+12"": [""耐久：[91/91]"", ""火抵抗力: %d"", ""需求等级：13""], ""+13"": [""耐久：[97/97]"", ""火抵抗力: %d"", ""需求等级：13""], ""+14"": [""耐久：[104/104]"", ""火抵抗力: %d"", ""需求等级：13""], ""+15"": [""耐久：[112/112]"", ""火抵抗力: %d"", ""需求等级：13""]}","{""+0"": [""耐久：[112/112]"", ""火抵抗力: %d"", ""需求等级：13""], ""+1"": [""耐久：[112/112]"", ""火抵抗力: %d"", ""需求等级：13"", ""生命自动回复+1%"", ""攻击力/魔法攻击力/诅咒能力增加+4""], ""+2"": [""耐久：[112/112]"", ""火抵抗力: %d"", ""需求等级：13"", ""生命自动回复+2%"", ""攻击力/魔法攻击力/诅咒能力增加+8""], ""+3"": [""耐久：[112/112]"", ""火抵抗力: %d"", ""需求等级：13"", ""生命自动回复+3%"", ""攻击力/魔法攻击力/诅咒能力增加+12""], ""+4"": [""耐久：[112/112]"", ""火抵抗力: %d"", ""需求等级：13"", ""生命自动回复+4%"", ""攻击力/魔法攻击力/诅咒能力增加+16""]}"
https://mu.dvg.cn/item_list.php?atype=2&type=0&p=2,蓝宝石项链,https://mu.dvg.cn/item_info.php?id=3901,https://mu.dvg.cn/source/n_itemlitpic/necklace_blue.png,output\icons_64x64\蓝宝石项链.png,Sapphire Necklace,사파이어목걸이,1013115,13-115,"[""生命自动恢复3%%"", ""杀怪时获得魔力提高 +魔力/8""]","[""全职业""]",[],[],[],"{""+0"": [""生命自动恢复3%%"", ""杀怪时获得魔力提高 +魔力/8""], ""+1"": [""生命自动恢复3%%"", ""杀怪时获得魔力提高 +魔力/8""], ""+2"": [""生命自动恢复3%%"", ""杀怪时获得魔力提高 +魔力/8""], ""+3"": [""生命自动恢复3%%"", ""杀怪时获得魔力提高 +魔力/8""], ""+4"": [""生命自动恢复3%%"", ""杀怪时获得魔力提高 +魔力/8""], ""+5"": [""生命自动恢复3%%"", ""杀怪时获得魔力提高 +魔力/8""], ""+6"": [""生命自动恢复3%%"", ""杀怪时获得魔力提高 +魔力/8""], ""+7"": [""生命自动恢复3%%"", ""杀怪时获得魔力提高 +魔力/8""], ""+8"": [""生命自动恢复3%%"", ""杀怪时获得魔力提高 +魔力/8""], ""+9"": [""生命自动恢复3%%"", ""杀怪时获得魔力提高 +魔力/8""], ""+10"": [""生命自动恢复3%%"", ""杀怪时获得魔力提高 +魔力/8""], ""+11"": [""生命自动恢复3%%"", ""杀怪时获得魔力提高 +魔力/8""], ""+12"": [""生命自动恢复3%%"", ""杀怪时获得魔力提高 +魔力/8""], ""+13"": [""生命自动恢复3%%"", ""杀怪时获得魔力提高 +魔力/8""], ""+14"": [""生命自动恢复3%%"", ""杀怪时获得魔力提高 +魔力/8""], ""+15"": [""生命自动恢复3%%"", ""杀怪时获得魔力提高 +魔力/8""]}","{""+0"": [""生命自动恢复3%%"", ""杀怪时获得魔力提高 +魔力/8""], ""+1"": [""生命自动恢复3%%"", ""杀怪时获得魔力提高 +魔力/8"", ""生命自动回复+1%"", ""攻击力/魔法攻击力/诅咒能力增加+4""], ""+2"": [""生命自动恢复3%%"", ""杀怪时获得魔力提高 +魔力/8"", ""生命自动回复+2%"", ""攻击力/魔法攻击力/诅咒能力增加+8""], ""+3"": [""生命自动恢复3%%"", ""杀怪时获得魔力提高 +魔力/8"", ""生命自动回复+3%"", ""攻击力/魔法攻击力/诅咒能力增加+12""], ""+4"": [""生命自动恢复3%%"", ""杀怪时获得魔力提高 +魔力/8"", ""生命自动回复+4%"", ""攻击力/魔法攻击力/诅咒能力增加+16""]}"
https://mu.dvg.cn/item_list.php?atype=2&type=0&p=2,绿宝石项链,https://mu.dvg.cn/item_info.php?id=3900,https://mu.dvg.cn/source/n_itemlitpic/necklace_green.png,output\icons_64x64\绿宝石项链.png,Emerald Necklace,에메랄드목걸이,1013114,13-114,"[""生命自动恢复3%%"", ""攻击速度提高 +7""]","[""全职业""]",[],[],[],"{""+0"": [""生命自动恢复3%%"", ""攻击速度提高 +7""], ""+1"": [""生命自动恢复3%%"", ""攻击速度提高 +7""], ""+2"": [""生命自动恢复3%%"", ""攻击速度提高 +7""], ""+3"": [""生命自动恢复3%%"", ""攻击速度提高 +7""], ""+4"": [""生命自动恢复3%%"", ""攻击速度提高 +7""], ""+5"": [""生命自动恢复3%%"", ""攻击速度提高 +7""], ""+6"": [""生命自动恢复3%%"", ""攻击速度提高 +7""], ""+7"": [""生命自动恢复3%%"", ""攻击速度提高 +7""], ""+8"": [""生命自动恢复3%%"", ""攻击速度提高 +7""], ""+9"": [""生命自动恢复3%%"", ""攻击速度提高 +7""], ""+10"": [""生命自动恢复3%%"", ""攻击速度提高 +7""], ""+11"": [""生命自动恢复3%%"", ""攻击速度提高 +7""], ""+12"": [""生命自动恢复3%%"", ""攻击速度提高 +7""], ""+13"": [""生命自动恢复3%%"", ""攻击速度提高 +7""], ""+14"": [""生命自动恢复3%%"", ""攻击速度提高 +7""], ""+15"": [""生命自动恢复3%%"", ""攻击速度提高 +7""]}","{""+0"": [""生命自动恢复3%%"", ""攻击速度提高 +7""], ""+1"": [""生命自动恢复3%%"", ""攻击速度提高 +7"", ""生命自动回复+1%"", ""攻击力/魔法攻击力/诅咒能力增加+4""], ""+2"": [""生命自动恢复3%%"", ""攻击速度提高 +7"", ""生命自动回复+2%"", ""攻击力/魔法攻击力/诅咒能力增加+8""], ""+3"": [""生命自动恢复3%%"", ""攻击速度提高 +7"", ""生命自动回复+3%"", ""攻击力/魔法攻击力/诅咒能力增加+12""], ""+4"": [""生命自动恢复3%%"", ""攻击速度提高 +7"", ""生命自动回复+4%"", ""攻击力/魔法攻击力/诅咒能力增加+16""]}"
https://mu.dvg.cn/item_list.php?atype=2&type=0&p=2,红宝石项链,https://mu.dvg.cn/item_info.php?id=3899,https://mu.dvg.cn/source/n_itemlitpic/necklace_red.png,output\icons_64x64\红宝石项链.png,Ruby Necklace,루비목걸이,1013113,13-113,"[""生命自动恢复3%%"", ""卓越一击伤害 几率+10%%""]","[""全职业""]",[],[],[],"{""+0"": [""生命自动恢复3%%"", ""卓越一击伤害 几率+10%%""], ""+1"": [""生命自动恢复3%%"", ""卓越一击伤害 几率+10%%""], ""+2"": [""生命自动恢复3%%"", ""卓越一击伤害 几率+10%%""], ""+3"": [""生命自动恢复3%%"", ""卓越一击伤害 几率+10%%""], ""+4"": [""生命自动恢复3%%"", ""卓越一击伤害 几率+10%%""], ""+5"": [""生命自动恢复3%%"", ""卓越一击伤害 几率+10%%""], ""+6"": [""生命自动恢复3%%"", ""卓越一击伤害 几率+10%%""], ""+7"": [""生命自动恢复3%%"", ""卓越一击伤害 几率+10%%""], ""+8"": [""生命自动恢复3%%"", ""卓越一击伤害 几率+10%%""], ""+9"": [""生命自动恢复3%%"", ""卓越一击伤害 几率+10%%""], ""+10"": [""生命自动恢复3%%"", ""卓越一击伤害 几率+10%%""], ""+11"": [""生命自动恢复3%%"", ""卓越一击伤害 几率+10%%""], ""+12"": [""生命自动恢复3%%"", ""卓越一击伤害 几率+10%%""], ""+13"": [""生命自动恢复3%%"", ""卓越一击伤害 几率+10%%""], ""+14"": [""生命自动恢复3%%"", ""卓越一击伤害 几率+10%%""], ""+15"": [""生命自动恢复3%%"", ""卓越一击伤害 几率+10%%""]}","{""+0"": [""生命自动恢复3%%"", ""卓越一击伤害 几率+10%%""], ""+1"": [""生命自动恢复3%%"", ""卓越一击伤害 几率+10%%"", ""生命自动回复+1%"", ""攻击力/魔法攻击力/诅咒能力增加+4""], ""+2"": [""生命自动恢复3%%"", ""卓越一击伤害 几率+10%%"", ""生命自动回复+2%"", ""攻击力/魔法攻击力/诅咒能力增加+8""], ""+3"": [""生命自动恢复3%%"", ""卓越一击伤害 几率+10%%"", ""生命自动回复+3%"", ""攻击力/魔法攻击力/诅咒能力增加+12""], ""+4"": [""生命自动恢复3%%"", ""卓越一击伤害 几率+10%%"", ""生命自动回复+4%"", ""攻击力/魔法攻击力/诅咒能力增加+16""]}"
