asset_id,source_url,page_url,detail_url,local_path,file_name,title,description,category,extract_type,image_url,width,height,sprite_x,sprite_y,sprite_w,sprite_h,sha256,detail_text,detail_html_file
1,https://mu.dvg.cn/monster_list.php?mapid=80,https://mu.dvg.cn/monster_list.php?mapid=80,https://mu.dvg.cn/,images\main\00001_奇迹小册子.png,00001_奇迹小册子.png,奇迹小册子,奇迹小册子 | 奇迹小册子 职业专题 魔法师 剑士 弓箭手 魔剑士 圣导师 召唤术师 格斗家 梦幻骑士 符文法师 疾风 火枪手 光明法师 圣光学者 赤色战士 炼金术士 圣骑士 装备道具 武器 剑 魔剑 斧 槌 弓 弩 箭袋 长矛 法杖 魔杖 法书 权杖 符文魔棒 拳套 短剑 盾牌 魔法枪 魔法书 宝珠 幻影剑 炼金杖 圣水 战锤 防具 头盔 铠甲 护腿 护手 靴子 元素道具 翅膀 耳环 戒指 项链 坐骑 神器道具 套装 魔法师 剑士 弓箭手 魔剑士 圣导师 召唤术师 格斗家 梦幻骑士 符文法师 疾风 火枪手 光明法师 圣光学者 赤色战士 炼金术士 圣骑士 精通武器 血色天使 黑暗天使 圣天使 灵魂 雪狼 银心 噬魂 辉煌 末世 雷霆 圣殿 帝国 其他 技能石/卷轴 荧光宝石 宝石 宠物 肩饰 BUFF药 箱子 精通武器 精通防具 灵魂转换器 其他 工具大全 合成查询工具 新增 五转技能模拟器 新增 BUFF计算器 职业攻速查询 宝石价格走势图 更新 配装模拟 V1.0 地图工具 V2.0 3转大师模拟器 4转技能模拟器 掉落查询工具 升级耗时计算器 V4 挂机等级预测器 V4 3D模型,main,img,https://mu.dvg.cn/ui_baodianv2/images/mu_icon_1.png,,,,,,,bb6f53b6e844cb9bf8d91acb35adc37eb5a31ad9b2a54dca68213520ccf7014c,,
2,https://mu.dvg.cn/monster_list.php?mapid=80,https://mu.dvg.cn/monster_list.php?mapid=80,,images\main\00002_会员中心_退出.gif,00002_会员中心_退出.gif,会员中心 退出,会员中心 退出,main,img,https://mu.dvg.cn/e/data/images/nouserpic.gif,,,,,,,5452bdab42bbabf8d00656cd6713d815c15cc98339c7c584647c1ff9ad4711bb,,
3,https://mu.dvg.cn/monster_list.php?mapid=80,https://mu.dvg.cn/monster_list.php?mapid=80,,images\main\00003_LEVEL_99.png,00003_LEVEL_99.png,LEVEL 99,LEVEL 99 | LEVEL 99 血量： 50000 攻击力： 555~590 防御力： 445 防御成功率： 248 元素攻击力： 0~0 元素防御力： 333 出现地图： 卡伦特 1,main,img,https://mu.dvg.cn/source/n_monsterlitpic/Monster210.png,,,,,,,f5774c4da06314b701549605289432e628204f1889c6a44949b1d99c9ba7401f,,
4,https://mu.dvg.cn/monster_list.php?mapid=80,https://mu.dvg.cn/monster_list.php?mapid=80,,images\main\00004_LEVEL_103.png,00004_LEVEL_103.png,LEVEL 103,LEVEL 103 | LEVEL 103 血量： 60000 攻击力： 595~635 防御力： 485 防御成功率： 283 元素攻击力： 0~0 元素防御力： 363 出现地图： 卡伦特 1,main,img,https://mu.dvg.cn/source/n_monsterlitpic/Monster211.png,,,,,,,887e8f80764fe7e381223e783c3df8c87a4820d47d3be2923d0b400e0bf265b0,,
5,https://mu.dvg.cn/monster_list.php?mapid=80,https://mu.dvg.cn/monster_list.php?mapid=80,,images\main\00005_LEVEL_105.png,00005_LEVEL_105.png,LEVEL 105,"LEVEL 105 | LEVEL 105 血量： 65000 攻击力： 618~655 防御力： 518 防御成功率： 293 元素攻击力： 0~0 元素防御力： 388 出现地图： 卡伦特 1,卡伦特 2",main,img,https://mu.dvg.cn/source/n_monsterlitpic/Monster212.png,,,,,,,23d46b43c223a57dffdc0d6d4c586f366f22b5408f1e5e4b13b5697da1c3bc1b,,
6,https://mu.dvg.cn/monster_list.php?mapid=80,https://mu.dvg.cn/monster_list.php?mapid=80,,images\main\00006_LEVEL_111.png,00006_LEVEL_111.png,LEVEL 111,"LEVEL 111 | LEVEL 111 血量： 78000 攻击力： 705~755 防御力： 560 防御成功率： 340 元素攻击力： 0~0 元素防御力： 420 出现地图： 卡伦特 1,卡伦特 2",main,img,https://mu.dvg.cn/source/n_monsterlitpic/Monster214.png,,,,,,,2ddc9c052491e29a53a3548416bea5710ac1a6c195ef1bfe5c86805e362bddbf,,
7,https://mu.dvg.cn/monster_list.php?mapid=80,https://mu.dvg.cn/monster_list.php?mapid=80,,images\main\00007_LEVEL_114.png,00007_LEVEL_114.png,LEVEL 114,"LEVEL 114 | LEVEL 114 血量： 83000 攻击力： 720~770 防御力： 575 防御成功率： 375 元素攻击力： 0~0 元素防御力： 431 出现地图： 卡伦特 1,卡伦特 2",main,img,https://mu.dvg.cn/source/n_monsterlitpic/Monster215.png,,,,,,,9eb7b4a86c2acecee80a7cbd8f70ae0dc536b200c52894c1fcd1dbf5f6a349db,,
8,https://mu.dvg.cn/monster_list.php?mapid=80,https://mu.dvg.cn/monster_list.php?mapid=80,,images\main\00008_QQ群号：310862148_您可以_点击入群_，或者扫码入群_期待您的加入.jpg,00008_QQ群号：310862148_您可以_点击入群_，或者扫码入群_期待您的加入.jpg,QQ群号：310862148 您可以 点击入群 ，或者扫码入群 期待您的加入,QQ群号：310862148 您可以 点击入群 ，或者扫码入群 期待您的加入 | 资料站QQ群 QQ群号：310862148 您可以 点击入群 ，或者扫码入群 期待您的加入,main,img,https://mu.dvg.cn/ui_baodianv2/image/qqqun.jpg,,,,,,,23b5e94865ccdd72866b1d248fd0ef0917d2af94947c4860906a7378fa7fc0af,,
9,https://mu.dvg.cn/monster_list.php?mapid=80,https://mu.dvg.cn/monster_list.php?mapid=80,,images\main\00009_用手机浏览器扫码浏览，喜欢我们请添加收藏！.png,00009_用手机浏览器扫码浏览，喜欢我们请添加收藏！.png,用手机浏览器扫码浏览，喜欢我们请添加收藏！,用手机浏览器扫码浏览，喜欢我们请添加收藏！ | 手机扫码浏览 用手机浏览器扫码浏览，喜欢我们请添加收藏！,main,img,https://mu.dvg.cn/ui_baodianv2/image/mobile_qcode2.png,,,,,,,3c9f5c255d7ed730dfc8781084dd96618df507e7a49c454289c8e96586a47768,,
10,https://mu.dvg.cn/monster_list.php?mapid=80,https://mu.dvg.cn/monster_list.php?mapid=80,,images\main\00010_打开微信扫一扫，关注奇迹MU小册子官方小程序。.jpg,00010_打开微信扫一扫，关注奇迹MU小册子官方小程序。.jpg,打开微信扫一扫，关注奇迹MU小册子官方小程序。,打开微信扫一扫，关注奇迹MU小册子官方小程序。 | 小册子微信小程序 打开微信扫一扫，关注奇迹MU小册子官方小程序。,main,img,https://mu.dvg.cn/skin/images/gh_258.jpg,,,,,,,b4f43d82116ec1b947374d6728b66b04346a51c993cbd9b2e084790420eef744,,
11,https://mu.dvg.cn/monster_list.php?mapid=80,https://mu.dvg.cn/monster_info.php?id=569,,images\detail\00011_猛毒钩蝎.png,00011_猛毒钩蝎.png,猛毒钩蝎,猛毒钩蝎 | 猛毒钩蝎 [Lv.99] 猛毒钩蝎 【 怪物 】 出现地图：卡伦特 1 | 怪物名称 怪物说明 猛毒钩蝎 [Lv.99] 猛毒钩蝎 【 怪物 】 出现地图：卡伦特 1 血量 50000 魔力值 攻击力 555 ~ 590 防御力 445 防御率 248 魔法防御 0 元素攻击 0 ~ 0 元素防御 333 元素攻击率 0 元素防御率 0,detail,img,https://mu.dvg.cn/source/n_monster/Monster210.png,,,,,,,4d8b706586c6f3b4d91ebcb3fd8336715b0510fdf245f4ee05479cff8c666d22,,
12,https://mu.dvg.cn/monster_list.php?mapid=80,https://mu.dvg.cn/monster_info.php?id=569,https://mu.dvg.cn/item_info.php?id=5329,images\detail\00012_卓越的_暴风之盔.png,00012_卓越的_暴风之盔.png,卓越的 暴风之盔,卓越的 暴风之盔,detail,img,https://mu.dvg.cn/source/n_itemlitpic/cw_helmmale01.png,,,,,,,a2d29f913f832e95d2fde1200a1b2facfab752aa12c7f8f99b43d98be3691ad3,,
13,https://mu.dvg.cn/monster_list.php?mapid=80,https://mu.dvg.cn/monster_info.php?id=569,https://mu.dvg.cn/item_info.php?id=5594,images\detail\00013_卓越的_暴风护腿.png,00013_卓越的_暴风护腿.png,卓越的 暴风护腿,卓越的 暴风护腿,detail,img,https://mu.dvg.cn/source/n_itemlitpic/cw_pantmale01.png,,,,,,,5609c3d8eb3cf323824cf470f4045c9cc565da40665d8e3460d3520f9d6087e9,,
14,https://mu.dvg.cn/monster_list.php?mapid=80,https://mu.dvg.cn/monster_info.php?id=569,https://mu.dvg.cn/item_info.php?id=5862,images\detail\00014_卓越的_暴风之靴.png,00014_卓越的_暴风之靴.png,卓越的 暴风之靴,卓越的 暴风之靴,detail,img,https://mu.dvg.cn/source/n_itemlitpic/cw_bootmale01.png,,,,,,,20a71b6d51cbc8de073d1e4be57d6ba207c75dd59591ef9797372d9a172fecf8,,
15,https://mu.dvg.cn/monster_list.php?mapid=80,https://mu.dvg.cn/monster_info.php?id=569,https://mu.dvg.cn/item_info.php?id=5331,images\detail\00015_卓越的_碧影之盔.png,00015_卓越的_碧影之盔.png,卓越的 碧影之盔,卓越的 碧影之盔,detail,img,https://mu.dvg.cn/source/n_itemlitpic/cw_helmmale03.png,,,,,,,a97a69e8ad7dd3ae37467398fde59ef1ea71232796f7b74439a91d04233dbecd,,
16,https://mu.dvg.cn/monster_list.php?mapid=80,https://mu.dvg.cn/monster_info.php?id=569,https://mu.dvg.cn/item_info.php?id=5596,images\detail\00016_卓越的_碧影护腿.png,00016_卓越的_碧影护腿.png,卓越的 碧影护腿,卓越的 碧影护腿,detail,img,https://mu.dvg.cn/source/n_itemlitpic/cw_pantmale03.png,,,,,,,b49e792edb37bcab233bea39b87bc7d0b403a9d4921b78a844a1df7e2dd608c5,,
17,https://mu.dvg.cn/monster_list.php?mapid=80,https://mu.dvg.cn/monster_info.php?id=569,https://mu.dvg.cn/item_info.php?id=5864,images\detail\00017_卓越的_碧影之靴.png,00017_卓越的_碧影之靴.png,卓越的 碧影之靴,卓越的 碧影之靴,detail,img,https://mu.dvg.cn/source/n_itemlitpic/cw_bootmale03.png,,,,,,,d52fb8d332743fc3a4f5e1e48b48fa130ef5932dfdfc46302a7c94a0ff310484,,
18,https://mu.dvg.cn/monster_list.php?mapid=80,https://mu.dvg.cn/monster_info.php?id=569,https://mu.dvg.cn/item_info.php?id=5718,images\detail\00018_卓越的_圣灵护手.png,00018_卓越的_圣灵护手.png,卓越的 圣灵护手,卓越的 圣灵护手,detail,img,https://mu.dvg.cn/source/n_itemlitpic/glovemaletest20.png,,,,,,,610aab5ab4b3d80ad2a0b93201a030197f6bc3b00a682f1211c23e2a2c9cac30,,
19,https://mu.dvg.cn/monster_list.php?mapid=80,https://mu.dvg.cn/monster_info.php?id=569,https://mu.dvg.cn/item_info.php?id=5330,images\detail\00019_卓越的_幻月之盔.png,00019_卓越的_幻月之盔.png,卓越的 幻月之盔,卓越的 幻月之盔,detail,img,https://mu.dvg.cn/source/n_itemlitpic/cw_helmmale02.png,,,,,,,92f036173f7e525c9332c42aa665c7b5de4a8102885c37c7515cabd35efe7ed1,,
20,https://mu.dvg.cn/monster_list.php?mapid=80,https://mu.dvg.cn/monster_info.php?id=569,https://mu.dvg.cn/item_info.php?id=5595,images\detail\00020_卓越的_幻月护腿.png,00020_卓越的_幻月护腿.png,卓越的 幻月护腿,卓越的 幻月护腿,detail,img,https://mu.dvg.cn/source/n_itemlitpic/cw_pantmale02.png,,,,,,,f46278c5d92bbd841af025d8cafcb0ed452b5c5414d9a43ec4dd390a18e7b5f6,,
21,https://mu.dvg.cn/monster_list.php?mapid=80,https://mu.dvg.cn/monster_info.php?id=569,https://mu.dvg.cn/item_info.php?id=5863,images\detail\00021_卓越的_幻月之靴.png,00021_卓越的_幻月之靴.png,卓越的 幻月之靴,卓越的 幻月之靴,detail,img,https://mu.dvg.cn/source/n_itemlitpic/cw_bootmale02.png,,,,,,,03a0b89c8915878699b53b0f5f47cec885696a36747297c060ab984630b908fa,,
22,https://mu.dvg.cn/monster_list.php?mapid=80,https://mu.dvg.cn/monster_info.php?id=569,https://mu.dvg.cn/item_info.php?id=5717,images\detail\00022_卓越的_火麒麟护手.png,00022_卓越的_火麒麟护手.png,卓越的 火麒麟护手,卓越的 火麒麟护手,detail,img,https://mu.dvg.cn/source/n_itemlitpic/glovemale19.png,,,,,,,21c0dc93d13987238f27ed737e0edbf3a255561fe51e6c8e337b2501e790517f,,
23,https://mu.dvg.cn/monster_list.php?mapid=80,https://mu.dvg.cn/monster_info.php?id=569,https://mu.dvg.cn/item_info.php?id=5335,images\detail\00023_卓越的_远古之盔.png,00023_卓越的_远古之盔.png,卓越的 远古之盔,卓越的 远古之盔,detail,img,https://mu.dvg.cn/source/n_itemlitpic/helmmale42.png,,,,,,,a6d85dfc20639b10c610c632e093739d9e64120c2c0049f528a8e14bb091bd78,,
24,https://mu.dvg.cn/monster_list.php?mapid=80,https://mu.dvg.cn/monster_info.php?id=569,https://mu.dvg.cn/item_info.php?id=5601,images\detail\00024_卓越的_远古之护腿.png,00024_卓越的_远古之护腿.png,卓越的 远古之护腿,卓越的 远古之护腿,detail,img,https://mu.dvg.cn/source/n_itemlitpic/pantmale42.png,,,,,,,7c5394913dc76b363fdd78951d6fc24f092369c42fff3bf7fb8ce6152316b861,,
25,https://mu.dvg.cn/monster_list.php?mapid=80,https://mu.dvg.cn/monster_info.php?id=569,https://mu.dvg.cn/item_info.php?id=5869,images\detail\00025_卓越的_远古之靴.png,00025_卓越的_远古之靴.png,卓越的 远古之靴,卓越的 远古之靴,detail,img,https://mu.dvg.cn/source/n_itemlitpic/bootmale42.png,,,,,,,f98c2c1aff3617e11966ff8493d04140654ed6d68162de1c9f0d332134765b4a,,
26,https://mu.dvg.cn/monster_list.php?mapid=80,https://mu.dvg.cn/monster_info.php?id=569,https://mu.dvg.cn/item_info.php?id=5741,images\detail\00026_卓越的_魔灵之护手.png,00026_卓越的_魔灵之护手.png,卓越的 魔灵之护手,卓越的 魔灵之护手,detail,img,https://mu.dvg.cn/source/n_itemlitpic/glovemale43.png,,,,,,,053c44dacf352d9da94d9a4f1b243d58be3c814279f4c82401f1fc2c4994e2c4,,
27,https://mu.dvg.cn/monster_list.php?mapid=80,https://mu.dvg.cn/monster_info.php?id=569,https://mu.dvg.cn/item_info.php?id=5465,images\detail\00027_卓越的_神圣火焰之铠.png,00027_卓越的_神圣火焰之铠.png,卓越的 神圣火焰之铠,卓越的 神圣火焰之铠,detail,img,https://mu.dvg.cn/source/n_itemlitpic/armormale60.png,,,,,,,ee666a20ac40a1e0affca3721c9e6db0f5b6c2bc630bee75c6e80e1c51745048,,
28,https://mu.dvg.cn/monster_list.php?mapid=80,https://mu.dvg.cn/monster_info.php?id=569,https://mu.dvg.cn/item_info.php?id=5339,images\detail\00028_卓越的_暴风毁灭之盔.png,00028_卓越的_暴风毁灭之盔.png,卓越的 暴风毁灭之盔,卓越的 暴风毁灭之盔,detail,img,https://mu.dvg.cn/source/n_itemlitpic/helmmale61.png,,,,,,,72b72937040090b7824f89c29ae87c61ea45f87d6241f85a1a8d5d33bd51e39e,,
29,https://mu.dvg.cn/monster_list.php?mapid=80,https://mu.dvg.cn/monster_info.php?id=569,https://mu.dvg.cn/item_info.php?id=5575,images\detail\00029_卓越的_亚特兰蒂斯之护腿.png,00029_卓越的_亚特兰蒂斯之护腿.png,卓越的 亚特兰蒂斯之护腿,卓越的 亚特兰蒂斯之护腿,detail,img,https://mu.dvg.cn/source/n_itemlitpic/pantmale16.png,,,,,,,1c3f2984eb59323a4fbce5d1c07681b761d67d7af8344c9e926dabcd42835600,,
30,https://mu.dvg.cn/monster_list.php?mapid=80,https://mu.dvg.cn/monster_info.php?id=569,https://mu.dvg.cn/item_info.php?id=5714,images\detail\00030_卓越的_亚特兰蒂斯之护手.png,00030_卓越的_亚特兰蒂斯之护手.png,卓越的 亚特兰蒂斯之护手,卓越的 亚特兰蒂斯之护手,detail,img,https://mu.dvg.cn/source/n_itemlitpic/glovemale16.png,,,,,,,796929d5abb7ad2462d6d5924532fbec841f2337069980bc55b521960d4d63f5,,
31,https://mu.dvg.cn/monster_list.php?mapid=80,https://mu.dvg.cn/monster_info.php?id=569,https://mu.dvg.cn/item_info.php?id=5843,images\detail\00031_卓越的_亚特兰蒂斯之靴.png,00031_卓越的_亚特兰蒂斯之靴.png,卓越的 亚特兰蒂斯之靴,卓越的 亚特兰蒂斯之靴,detail,img,https://mu.dvg.cn/source/n_itemlitpic/bootmale16.png,,,,,,,699db84c37872a6a83c40f59663de861b09c09c495510ce076a05d54bede9697,,
32,https://mu.dvg.cn/monster_list.php?mapid=80,https://mu.dvg.cn/monster_info.php?id=569,https://mu.dvg.cn/item_info.php?id=5322,images\detail\00032_卓越的_圣魂之盔.png,00032_卓越的_圣魂之盔.png,卓越的 圣魂之盔,卓越的 圣魂之盔,detail,img,https://mu.dvg.cn/source/n_itemlitpic/helmmale27.png,,,,,,,d0aabb82aed1353b180aeb55377a24f5e0e2c4696884559bbd1b4d33d17f70cf,,
33,https://mu.dvg.cn/monster_list.php?mapid=80,https://mu.dvg.cn/monster_info.php?id=569,https://mu.dvg.cn/item_info.php?id=5586,images\detail\00033_卓越的_圣魂护腿.png,00033_卓越的_圣魂护腿.png,卓越的 圣魂护腿,卓越的 圣魂护腿,detail,img,https://mu.dvg.cn/source/n_itemlitpic/pantmale27.png,,,,,,,69e4b25c6c952c15d343b0d343cd3804f1c7079892ab7986a4e953762b4adf18,,
34,https://mu.dvg.cn/monster_list.php?mapid=80,https://mu.dvg.cn/monster_info.php?id=569,https://mu.dvg.cn/item_info.php?id=5344,images\detail\00034_卓越的_弗林斯之盔.png,00034_卓越的_弗林斯之盔.png,卓越的 弗林斯之盔,卓越的 弗林斯之盔,detail,img,https://mu.dvg.cn/source/n_itemlitpic/helmmale94.png,,,,,,,2f82dcca943c0b8a8fc2a58a58adb2afb4f8c80af664bf9e2ecc929d050e3d29,,
35,https://mu.dvg.cn/monster_list.php?mapid=80,https://mu.dvg.cn/monster_info.php?id=569,https://mu.dvg.cn/item_info.php?id=5610,images\detail\00035_卓越的_弗林斯护腿.png,00035_卓越的_弗林斯护腿.png,卓越的 弗林斯护腿,卓越的 弗林斯护腿,detail,img,https://mu.dvg.cn/source/n_itemlitpic/pantmale94.png,,,,,,,fb771ce62ceaac7fd75ef8e497eef28464f836cde1a364a045bc82db0f18066a,,
36,https://mu.dvg.cn/monster_list.php?mapid=80,https://mu.dvg.cn/monster_info.php?id=569,https://mu.dvg.cn/item_info.php?id=5878,images\detail\00036_卓越的_弗林斯靴子.png,00036_卓越的_弗林斯靴子.png,卓越的 弗林斯靴子,卓越的 弗林斯靴子,detail,img,https://mu.dvg.cn/source/n_itemlitpic/bootmale94.png,,,,,,,3f8d5c91df7df79a15850d463b5059e5d518de859d4e1e091acd70e5b0f00146,,
37,https://mu.dvg.cn/monster_list.php?mapid=80,https://mu.dvg.cn/monster_info.php?id=569,https://mu.dvg.cn/item_info.php?id=5287,images\detail\00037_卓越的_精灵之盾.png,00037_卓越的_精灵之盾.png,卓越的 精灵之盾,卓越的 精灵之盾,detail,img,https://mu.dvg.cn/source/n_itemlitpic/shield17.png,,,,,,,0e86548f5152b5d3d3d3a70e4e5fe6fdb637ca3d816fc8aba51c76ff859bf140,,
38,https://mu.dvg.cn/monster_list.php?mapid=80,https://mu.dvg.cn/monster_info.php?id=569,https://mu.dvg.cn/item_info.php?id=5286,images\detail\00038_卓越的_麒麟之盾.png,00038_卓越的_麒麟之盾.png,卓越的 麒麟之盾,卓越的 麒麟之盾,detail,img,https://mu.dvg.cn/source/n_itemlitpic/shield16.png,,,,,,,68448cc6520fee04e6fe8fb97bbce99281dda39e2b3c91aeae48abc980b8b158,,
39,https://mu.dvg.cn/monster_list.php?mapid=80,https://mu.dvg.cn/monster_info.php?id=569,https://mu.dvg.cn/item_info.php?id=5288,images\detail\00039_卓越的_十字架之盾.png,00039_卓越的_十字架之盾.png,卓越的 十字架之盾,卓越的 十字架之盾,detail,img,https://mu.dvg.cn/source/n_itemlitpic/crosssheild.png,,,,,,,89bfbdeb0919579fb824ac2dab455d0892d62195c3c6a2ad50a24758cbc9b882,,
40,https://mu.dvg.cn/monster_list.php?mapid=80,https://mu.dvg.cn/monster_info.php?id=569,https://mu.dvg.cn/item_info.php?id=5290,images\detail\00040_卓越的_弗尔木之盾.png,00040_卓越的_弗尔木之盾.png,卓越的 弗尔木之盾,卓越的 弗尔木之盾,detail,img,https://mu.dvg.cn/source/n_itemlitpic/plumashield.png,,,,,,,2dbb17ff4fe390e8e48030ab5f6d3fdce2713a43b649bf50dbe7152535645f40,,
41,https://mu.dvg.cn/monster_list.php?mapid=80,https://mu.dvg.cn/monster_info.php?id=569,https://mu.dvg.cn/item_info.php?id=5184,images\detail\00041_卓越的_死神镰刀.png,00041_卓越的_死神镰刀.png,卓越的 死神镰刀,卓越的 死神镰刀,detail,img,https://mu.dvg.cn/source/n_itemlitpic/spear10.png,,,,,,,63eff361849d18245413f837e153074e33eedd61ad5e687d246af75c897e4ac7,,
42,https://mu.dvg.cn/monster_list.php?mapid=80,https://mu.dvg.cn/monster_info.php?id=569,https://mu.dvg.cn/item_info.php?id=5151,images\detail\00042_卓越的_水晶流星.png,00042_卓越的_水晶流星.png,卓越的 水晶流星,卓越的 水晶流星,detail,img,https://mu.dvg.cn/source/n_itemlitpic/mace05.png,,,,,,,018fbd8db7aa112a7909a91208e7245a62b13e214c761ca9387b054d83dc7d46,,
43,https://mu.dvg.cn/monster_list.php?mapid=80,https://mu.dvg.cn/monster_info.php?id=569,https://mu.dvg.cn/item_info.php?id=5152,images\detail\00043_卓越的_玄冰剑.png,00043_卓越的_玄冰剑.png,卓越的 玄冰剑,卓越的 玄冰剑,detail,img,https://mu.dvg.cn/source/n_itemlitpic/mace06.png,,,,,,,00c95b1764362801a7cd4ffa3d3e3375be8560246822602d6fabf133e7d1f27e,,
44,https://mu.dvg.cn/monster_list.php?mapid=80,https://mu.dvg.cn/monster_info.php?id=569,https://mu.dvg.cn/item_info.php?id=5211,images\detail\00044_卓越的_蓝翎弩.png,00044_卓越的_蓝翎弩.png,卓越的 蓝翎弩,卓越的 蓝翎弩,detail,img,https://mu.dvg.cn/source/n_itemlitpic/crossbow06.png,,,,,,,2288d754e33a0ff9be9c896957683944f4481185f7070c1e93ac82107c8d5f03,,
45,https://mu.dvg.cn/monster_list.php?mapid=80,https://mu.dvg.cn/monster_info.php?id=569,https://mu.dvg.cn/item_info.php?id=5212,images\detail\00045_卓越的_温蒂妮.png,00045_卓越的_温蒂妮.png,卓越的 温蒂妮,卓越的 温蒂妮,detail,img,https://mu.dvg.cn/source/n_itemlitpic/crossbow07.png,,,,,,,dff6b395b41725057e5d32c0d41e849608cfc897787a14b23b7c92ecabfd465f,,
46,https://mu.dvg.cn/monster_list.php?mapid=80,https://mu.dvg.cn/monster_info.php?id=569,https://mu.dvg.cn/item_info.php?id=5156,images\detail\00046_卓越的_征服权杖.png,00046_卓越的_征服权杖.png,卓越的 征服权杖,卓越的 征服权杖,detail,img,https://mu.dvg.cn/source/n_itemlitpic/mace10.png,,,,,,,9b3707272626bc982fae1b15a1f1618e73befbd12cdabb676f0b6d801cdec42b,,
47,https://mu.dvg.cn/monster_list.php?mapid=80,https://mu.dvg.cn/monster_info.php?id=569,https://mu.dvg.cn/item_info.php?id=5188,images\detail\00047_卓越的_莫西长矛.png,00047_卓越的_莫西长矛.png,卓越的 莫西长矛,卓越的 莫西长矛,detail,img,https://mu.dvg.cn/source/n_itemlitpic/conmocionlance.png,,,,,,,351f4a818957dae6b2ca20e0c05e1d95e96808b2ceddddab5eae46ddf8ad5399,,
48,https://mu.dvg.cn/monster_list.php?mapid=80,https://mu.dvg.cn/monster_info.php?id=569,https://mu.dvg.cn/item_info.php?id=5192,images\detail\00048_卓越的_雅兰克长矛.png,00048_卓越的_雅兰克长矛.png,卓越的 雅兰克长矛,卓越的 雅兰克长矛,detail,img,https://mu.dvg.cn/source/n_itemlitpic/alacranlance.png,,,,,,,6298fdc320e49665687df8036e7f27dca47558188d2a589aceac7402eb7980ad,,
49,https://mu.dvg.cn/monster_list.php?mapid=80,https://mu.dvg.cn/monster_info.php?id=569,https://mu.dvg.cn/item_info.php?id=5238,images\detail\00049_卓越的_复活之杖.png,00049_卓越的_复活之杖.png,卓越的 复活之杖,卓越的 复活之杖,detail,img,https://mu.dvg.cn/source/n_itemlitpic/staff07.png,,,,,,,aa8aa1ef5f2bb3f4d88c5b454bf0ce7c05392e20eddcf2f7622d8a6379f60655,,
50,https://mu.dvg.cn/monster_list.php?mapid=80,https://mu.dvg.cn/monster_info.php?id=569,https://mu.dvg.cn/item_info.php?id=5253,images\detail\00050_卓越的_污灵之书.png,00050_卓越的_污灵之书.png,卓越的 污灵之书,卓越的 污灵之书,detail,img,https://mu.dvg.cn/source/n_itemlitpic/book_of_rargle.png,,,,,,,677ef09d29e4942ca4e6ff9e700e1a77a482b1c3331a84a7666fd3013370bc95,,
51,https://mu.dvg.cn/monster_list.php?mapid=80,https://mu.dvg.cn/monster_info.php?id=569,https://mu.dvg.cn/item_info.php?id=4247,images\detail\00051_回城卷轴.png,00051_回城卷轴.png,回城卷轴,回城卷轴,detail,img,https://mu.dvg.cn/source/n_itemlitpic/scroll01.png,,,,,,,0782857ac1ec3d13a20ac69e4221af5a611f0846ecd8fb9e3f3bcf0b567eee36,,
52,https://mu.dvg.cn/monster_list.php?mapid=80,https://mu.dvg.cn/monster_info.php?id=569,https://mu.dvg.cn/item_info.php?id=4356,images\detail\00052_封印的银箱子.png,00052_封印的银箱子.png,封印的银箱子,封印的银箱子,detail,img,https://mu.dvg.cn/source/n_itemlitpic/itembox_silver.png,,,,,,,bf446e8016afa341337d6dc4d21ce36cfe75afabe35fe0e49df53763fdfa8ef1,,
53,https://mu.dvg.cn/monster_list.php?mapid=80,https://mu.dvg.cn/monster_info.php?id=569,https://mu.dvg.cn/item_info.php?id=4355,images\detail\00053_封印的金箱子.png,00053_封印的金箱子.png,封印的金箱子,封印的金箱子,detail,img,https://mu.dvg.cn/source/n_itemlitpic/itembox_gold.png,,,,,,,0116323515af3aa0841caaa127477b2728a78ae77669669eeb055785fcac49ac,,
54,https://mu.dvg.cn/monster_list.php?mapid=80,https://mu.dvg.cn/monster_info.php?id=569,https://mu.dvg.cn/item_info.php?id=6620,images\detail\00054_城主标识.png,00054_城主标识.png,城主标识,城主标识,detail,img,https://mu.dvg.cn/source/n_itemlitpic/conchip00.png,,,,,,,11b36f1da16ab52d039560a5b263a8c6097643e5dcc0436facd3420a9cbb0775,,
55,https://mu.dvg.cn/monster_list.php?mapid=80,https://mu.dvg.cn/monster_info.php?id=569,https://mu.dvg.cn/item_info.php?id=3765,images\detail\00055_洛克魔法珠子.png,00055_洛克魔法珠子.png,洛克魔法珠子,洛克魔法珠子,detail,img,https://mu.dvg.cn/source/n_itemlitpic/wdrop3.png,,,,,,,bb0a4a283ad025cacdf33e17d782cebf021fa1e8fd8fd7f357c0393729dff072,,
56,https://mu.dvg.cn/monster_list.php?mapid=80,https://mu.dvg.cn/monster_info.php?id=569,https://mu.dvg.cn/item_info.php?id=3766,images\detail\00056_神鹰魔法珠子.png,00056_神鹰魔法珠子.png,神鹰魔法珠子,神鹰魔法珠子,detail,img,https://mu.dvg.cn/source/n_itemlitpic/wdrop2.png,,,,,,,183dc442de1969ef0e4ebd436620e3bbe92f93c63f1fcfebbb801a1d0593066e,,
57,https://mu.dvg.cn/monster_list.php?mapid=80,https://mu.dvg.cn/monster_info.php?id=569,https://mu.dvg.cn/item_info.php?id=3808,images\detail\00057_洛克之羽.png,00057_洛克之羽.png,洛克之羽,洛克之羽,detail,img,https://mu.dvg.cn/source/n_itemlitpic/quest04.png,,,,,,,ccda3362b49c9dae827baf134adb00e3d30dc4e34ba4ff0e78c34e560f3880dd,,
58,https://mu.dvg.cn/monster_list.php?mapid=80,https://mu.dvg.cn/monster_info.php?id=569,https://mu.dvg.cn/item_info.php?id=6617,images\detail\00058_国王卷轴.png,00058_国王卷轴.png,国王卷轴,国王卷轴,detail,img,https://mu.dvg.cn/source/n_itemlitpic/darklordsleeve.png,,,,,,,3986441d428862fb600d7931005a6756ffffbd8ecbace078c63a82acc5704b76,,
59,https://mu.dvg.cn/monster_list.php?mapid=80,https://mu.dvg.cn/monster_info.php?id=569,https://mu.dvg.cn/item_info.php?id=6631,images\detail\00059_天鹰之魂.png,00059_天鹰之魂.png,天鹰之魂,天鹰之魂,detail,img,https://mu.dvg.cn/source/n_itemlitpic/darkhorsesoul.png,,,,,,,e3842724282e01907160899e432a20855fcb2acf22d5ad3033db0ef2b6c467eb,,
60,https://mu.dvg.cn/monster_list.php?mapid=80,https://mu.dvg.cn/monster_info.php?id=569,https://mu.dvg.cn/item_info.php?id=3810,images\detail\00060_血灵之书.png,00060_血灵之书.png,血灵之书,血灵之书,detail,img,https://mu.dvg.cn/source/n_itemlitpic/eventbloodcastle00.png,,,,,,,07844f1ce0281fc001b10af59e86f04336908dfad1997e47fea8ab75c67550bf,,
61,https://mu.dvg.cn/monster_list.php?mapid=80,https://mu.dvg.cn/monster_info.php?id=569,https://mu.dvg.cn/item_info.php?id=4254,images\detail\00061_恶魔之眼.png,00061_恶魔之眼.png,恶魔之眼,恶魔之眼,detail,img,https://mu.dvg.cn/source/n_itemlitpic/devil00.png,,,,,,,14171ae28b4b606a1964b464e1d095ebae17eef7d9061ec3bbbb5e22cd2bea75,,
62,https://mu.dvg.cn/monster_list.php?mapid=80,https://mu.dvg.cn/monster_info.php?id=569,https://mu.dvg.cn/item_info.php?id=4265,images\detail\00062_昆顿印记.png,00062_昆顿印记.png,昆顿印记,昆顿印记,detail,img,https://mu.dvg.cn/source/n_itemlitpic/hellasitem01.png,,,,,,,d2f7d3e377576b8465b67722abada6705dc25f502105012e693baaf829e49bf0,,
63,https://mu.dvg.cn/monster_list.php?mapid=80,https://mu.dvg.cn/monster_info.php?id=569,https://mu.dvg.cn/item_info.php?id=4344,images\detail\00063_次元标识.png,00063_次元标识.png,次元标识,次元标识,detail,img,https://mu.dvg.cn/source/n_itemlitpic/indication.png,,,,,,,e3c58577503a80c74d9f65c0fea6adcbb8f82277ea08ac07d7894f825ccaec36,,
64,https://mu.dvg.cn/monster_list.php?mapid=80,https://mu.dvg.cn/monster_info.php?id=569,https://mu.dvg.cn/item_info.php?id=4335,images\detail\00064_奇怪的纸条.png,00064_奇怪的纸条.png,奇怪的纸条,奇怪的纸条,detail,img,https://mu.dvg.cn/source/n_itemlitpic/doubt_paper.png,,,,,,,660d76a4c2e1e738e487694a47839f338702dbc9c35b579321cfb051eb0b422f,,
65,https://mu.dvg.cn/monster_list.php?mapid=80,https://mu.dvg.cn/monster_info.php?id=569,https://mu.dvg.cn/item_info.php?id=4246,images\detail\00065_酒.png,00065_酒.png,酒,酒,detail,img,https://mu.dvg.cn/source/n_itemlitpic/Beer01.png,,,,,,,d8d1398cae51be9c509c7dd37b37ab7316308a53edeca4264f1aca6c27ee2366,,
66,https://mu.dvg.cn/monster_list.php?mapid=80,https://mu.dvg.cn/monster_info.php?id=569,https://mu.dvg.cn/item_info.php?id=4250,images\detail\00066_祝福宝石.png,00066_祝福宝石.png,祝福宝石,祝福宝石,detail,img,https://mu.dvg.cn/source/n_itemlitpic/jewel01.png,,,,,,,24d75fee5893121f92def3d5eb9cb19ba00307bc42193b8bf760aaa1023de54c,,
67,https://mu.dvg.cn/monster_list.php?mapid=80,https://mu.dvg.cn/monster_info.php?id=569,https://mu.dvg.cn/item_info.php?id=4251,images\detail\00067_灵魂宝石.png,00067_灵魂宝石.png,灵魂宝石,灵魂宝石,detail,img,https://mu.dvg.cn/source/n_itemlitpic/jewel02.png,,,,,,,f734176590e213dd674a8cdd637e116bf66cfdf073d74d48222c142a7f92c0a7,,
68,https://mu.dvg.cn/monster_list.php?mapid=80,https://mu.dvg.cn/monster_info.php?id=569,https://mu.dvg.cn/item_info.php?id=4253,images\detail\00068_生命宝石.png,00068_生命宝石.png,生命宝石,生命宝石,detail,img,https://mu.dvg.cn/source/n_itemlitpic/jewel03.png,,,,,,,6441d519f11bc2271cb73ba3e27a252419455588908603f8f6445ed46303104d,,
69,https://mu.dvg.cn/monster_list.php?mapid=80,https://mu.dvg.cn/monster_info.php?id=569,https://mu.dvg.cn/item_info.php?id=4259,images\detail\00069_创造宝石.png,00069_创造宝石.png,创造宝石,创造宝石,detail,img,https://mu.dvg.cn/source/n_itemlitpic/jewel22.png,,,,,,,e6c97e819ca99301cfe4d8cfa1fe8aaba6f84e440076786689e44a0b8ba8e994,,
70,https://mu.dvg.cn/monster_list.php?mapid=80,https://mu.dvg.cn/monster_info.php?id=570,,images\detail\00070_骷髅毒蝎.png,00070_骷髅毒蝎.png,骷髅毒蝎,骷髅毒蝎 | 骷髅毒蝎 [Lv.103] 骷髅毒蝎 【 怪物 】 出现地图：卡伦特 1 | 怪物名称 怪物说明 骷髅毒蝎 [Lv.103] 骷髅毒蝎 【 怪物 】 出现地图：卡伦特 1 血量 60000 魔力值 攻击力 595 ~ 635 防御力 485 防御率 283 魔法防御 0 元素攻击 0 ~ 0 元素防御 363 元素攻击率 0 元素防御率 0,detail,img,https://mu.dvg.cn/source/n_monster/Monster211.png,,,,,,,6918ee42a20d85c9f0cff9726515215a58b0dace015f5ff5321a812b753960f5,,
71,https://mu.dvg.cn/monster_list.php?mapid=80,https://mu.dvg.cn/monster_info.php?id=570,https://mu.dvg.cn/item_info.php?id=5455,images\detail\00071_卓越的_暴风之铠.png,00071_卓越的_暴风之铠.png,卓越的 暴风之铠,卓越的 暴风之铠,detail,img,https://mu.dvg.cn/source/n_itemlitpic/cw_armormale01.png,,,,,,,22c0c81deea6536b40dc6a08c8b35b542039344ac0bf0af9dafe0dd7ba4038e6,,
72,https://mu.dvg.cn/monster_list.php?mapid=80,https://mu.dvg.cn/monster_info.php?id=570,https://mu.dvg.cn/item_info.php?id=5715,images\detail\00072_卓越的_黑龙王护手.png,00072_卓越的_黑龙王护手.png,卓越的 黑龙王护手,卓越的 黑龙王护手,detail,img,https://mu.dvg.cn/source/n_itemlitpic/glovemale17.png,,,,,,,b99205850095eba00044c823350b7dd529e43aaa634a72602d862a571629f2a8,,
73,https://mu.dvg.cn/monster_list.php?mapid=80,https://mu.dvg.cn/monster_info.php?id=570,https://mu.dvg.cn/item_info.php?id=5844,images\detail\00073_卓越的_黑龙王之靴.png,00073_卓越的_黑龙王之靴.png,卓越的 黑龙王之靴,卓越的 黑龙王之靴,detail,img,https://mu.dvg.cn/source/n_itemlitpic/bootmale17.png,,,,,,,b679fb58bd024a616abe88e87a5a151ca4cbd038cafb0fd3191b4d980df43f58,,
74,https://mu.dvg.cn/monster_list.php?mapid=80,https://mu.dvg.cn/monster_info.php?id=570,https://mu.dvg.cn/item_info.php?id=5457,images\detail\00074_卓越的_碧影之铠.png,00074_卓越的_碧影之铠.png,卓越的 碧影之铠,卓越的 碧影之铠,detail,img,https://mu.dvg.cn/source/n_itemlitpic/cw_armormale03.png,,,,,,,83866ef94d38d9745dc4eadeebd34543bf9364583be526ce40f5c21d123da4c3,,
75,https://mu.dvg.cn/monster_list.php?mapid=80,https://mu.dvg.cn/monster_info.php?id=570,https://mu.dvg.cn/item_info.php?id=5456,images\detail\00075_卓越的_幻月之铠.png,00075_卓越的_幻月之铠.png,卓越的 幻月之铠,卓越的 幻月之铠,detail,img,https://mu.dvg.cn/source/n_itemlitpic/cw_armormale02.png,,,,,,,3039731b7f98bcb0cdcf3ac0aaf97d8f7fd12e03e2185ffb4fcd4a68bca635e4,,
76,https://mu.dvg.cn/monster_list.php?mapid=80,https://mu.dvg.cn/monster_info.php?id=570,https://mu.dvg.cn/item_info.php?id=5846,images\detail\00076_卓越的_火麒麟之靴.png,00076_卓越的_火麒麟之靴.png,卓越的 火麒麟之靴,卓越的 火麒麟之靴,detail,img,https://mu.dvg.cn/source/n_itemlitpic/bootmale19.png,,,,,,,8e205cd01ffc197559bb8a6036d67f2b6583041098ff27e7fea461cd5654e15a,,
77,https://mu.dvg.cn/monster_list.php?mapid=80,https://mu.dvg.cn/monster_info.php?id=570,https://mu.dvg.cn/item_info.php?id=5462,images\detail\00077_卓越的_远古之铠.png,00077_卓越的_远古之铠.png,卓越的 远古之铠,卓越的 远古之铠,detail,img,https://mu.dvg.cn/source/n_itemlitpic/armormale42.png,,,,,,,ec7d6c2f255a604432314c8328dadf3988c2c6da411a4e0cfdbb1a31ee318ed4,,
78,https://mu.dvg.cn/monster_list.php?mapid=80,https://mu.dvg.cn/monster_info.php?id=570,https://mu.dvg.cn/item_info.php?id=5870,images\detail\00078_卓越的_魔灵之靴.png,00078_卓越的_魔灵之靴.png,卓越的 魔灵之靴,卓越的 魔灵之靴,detail,img,https://mu.dvg.cn/source/n_itemlitpic/bootmale43.png,,,,,,,e6d37da8ec45f4ceda5b8d3bcd4d43e58961482f1b25bca3e1038abfff9df289,,
79,https://mu.dvg.cn/monster_list.php?mapid=80,https://mu.dvg.cn/monster_info.php?id=570,https://mu.dvg.cn/item_info.php?id=5605,images\detail\00079_卓越的_暴风毁灭护腿.png,00079_卓越的_暴风毁灭护腿.png,卓越的 暴风毁灭护腿,卓越的 暴风毁灭护腿,detail,img,https://mu.dvg.cn/source/n_itemlitpic/pantmale61.png,,,,,,,a4986ce384b379922702f3c46c5da4a779a89475f28cdcdbae98be65fc932c21,,
80,https://mu.dvg.cn/monster_list.php?mapid=80,https://mu.dvg.cn/monster_info.php?id=570,https://mu.dvg.cn/item_info.php?id=5447,images\detail\00080_卓越的_圣魂之铠.png,00080_卓越的_圣魂之铠.png,卓越的 圣魂之铠,卓越的 圣魂之铠,detail,img,https://mu.dvg.cn/source/n_itemlitpic/armormale27.png,,,,,,,013fd170f28c61b2684fba6d81c4df909e6aa431131b0230aa25b6e5f559645c,,
81,https://mu.dvg.cn/monster_list.php?mapid=80,https://mu.dvg.cn/monster_info.php?id=570,https://mu.dvg.cn/item_info.php?id=5726,images\detail\00081_卓越的_神圣护手.png,00081_卓越的_神圣护手.png,卓越的 神圣护手,卓越的 神圣护手,detail,img,https://mu.dvg.cn/source/n_itemlitpic/glovemale28.png,,,,,,,2e7559eb8b7d617c2b6d739dd0485f3ae06d0655b290278a09bc5cc3f24d74cf,,
82,https://mu.dvg.cn/monster_list.php?mapid=80,https://mu.dvg.cn/monster_info.php?id=570,https://mu.dvg.cn/item_info.php?id=5292,images\detail\00082_卓越的_菲斯之盾.png,00082_卓越的_菲斯之盾.png,卓越的 菲斯之盾,卓越的 菲斯之盾,detail,img,https://mu.dvg.cn/source/n_itemlitpic/visshield.png,,,,,,,e2f933b599397218d619ea6871c0d035385482833616e50ce7a2a4b7d5166eb4,,
83,https://mu.dvg.cn/monster_list.php?mapid=80,https://mu.dvg.cn/monster_info.php?id=570,https://mu.dvg.cn/item_info.php?id=5223,images\detail\00083_卓越的_战斗箭筒.png,00083_卓越的_战斗箭筒.png,卓越的 战斗箭筒,卓越的 战斗箭筒,detail,img,https://mu.dvg.cn/source/n_itemlitpic/hs_quiverlv1.png,,,,,,,d10ef1029af0b771a66f0312bdc7edb56586a90b423827900fc74756cfd9cd1d,,
84,https://mu.dvg.cn/monster_list.php?mapid=80,https://mu.dvg.cn/monster_info.php?id=570,https://mu.dvg.cn/item_info.php?id=5248,images\detail\00084_卓越的_远古之杖.png,00084_卓越的_远古之杖.png,卓越的 远古之杖,卓越的 远古之杖,detail,img,https://mu.dvg.cn/source/n_itemlitpic/staff18.png,,,,,,,9a9c3a2b91c6fa281fd310cd42fb2f1c82d4610c40ea01fe8f33f29bba389856,,
85,https://mu.dvg.cn/monster_list.php?mapid=80,https://mu.dvg.cn/monster_info.php?id=570,https://mu.dvg.cn/item_info.php?id=3811,images\detail\00085_血灵之骷.png,00085_血灵之骷.png,血灵之骷,血灵之骷,detail,img,https://mu.dvg.cn/source/n_itemlitpic/eventbloodcastle01.png,,,,,,,7410cd481b0717e920bb739832457eafed5b82ade7e821dd350c72ad015fd3a3,,
86,https://mu.dvg.cn/monster_list.php?mapid=80,https://mu.dvg.cn/monster_info.php?id=570,https://mu.dvg.cn/item_info.php?id=4255,images\detail\00086_恶魔之钥.png,00086_恶魔之钥.png,恶魔之钥,恶魔之钥,detail,img,https://mu.dvg.cn/source/n_itemlitpic/devil01.png,,,,,,,6f03a88bdc23d8e50baf6cfad40d1d2a7367a44defd95d52d18f67dd8f450300,,
87,https://mu.dvg.cn/monster_list.php?mapid=80,https://mu.dvg.cn/monster_info.php?id=571,,images\detail\00087_冥神.png,00087_冥神.png,冥神,"冥神 | 冥神 [Lv.105] 冥神 【 怪物 】 出现地图：卡伦特 1,卡伦特 2 | 怪物名称 怪物说明 冥神 [Lv.105] 冥神 【 怪物 】 出现地图：卡伦特 1,卡伦特 2 血量 65000 魔力值 攻击力 618 ~ 655 防御力 518 防御率 293 魔法防御 0 元素攻击 0 ~ 0 元素防御 388 元素攻击率 0 元素防御率 0",detail,img,https://mu.dvg.cn/source/n_monster/Monster212.png,,,,,,,053f608810c04922ef7855f5e878e8633fcae9ad43b123d6f698a75e6320444b,,
88,https://mu.dvg.cn/monster_list.php?mapid=80,https://mu.dvg.cn/monster_info.php?id=571,https://mu.dvg.cn/item_info.php?id=5436,images\detail\00088_卓越的_亚特兰蒂斯之铠.png,00088_卓越的_亚特兰蒂斯之铠.png,卓越的 亚特兰蒂斯之铠,卓越的 亚特兰蒂斯之铠,detail,img,https://mu.dvg.cn/source/n_itemlitpic/armormale16.png,,,,,,,5c154b0b6ea57192ebd55ff45419c4610173d847cf4cc5a35a1e7142893b1bc3,,
89,https://mu.dvg.cn/monster_list.php?mapid=80,https://mu.dvg.cn/monster_info.php?id=571,https://mu.dvg.cn/item_info.php?id=5471,images\detail\00089_卓越的_弗林斯之铠.png,00089_卓越的_弗林斯之铠.png,卓越的 弗林斯之铠,卓越的 弗林斯之铠,detail,img,https://mu.dvg.cn/source/n_itemlitpic/armormale94.png,,,,,,,4297498019fee65c01a67504776e40287c8dbf3731fdd4c92b43396986551d0f,,
90,https://mu.dvg.cn/monster_list.php?mapid=80,https://mu.dvg.cn/monster_info.php?id=573,,images\detail\00090_克里塔.png,00090_克里塔.png,克里塔,"克里塔 | 克里塔 [Lv.111] 克里塔 【 怪物 】 出现地图：卡伦特 1,卡伦特 2 | 怪物名称 怪物说明 克里塔 [Lv.111] 克里塔 【 怪物 】 出现地图：卡伦特 1,卡伦特 2 血量 78000 魔力值 攻击力 705 ~ 755 防御力 560 防御率 340 魔法防御 0 元素攻击 0 ~ 0 元素防御 420 元素攻击率 0 元素防御率 0",detail,img,https://mu.dvg.cn/source/n_monster/Monster214.png,,,,,,,5141a0a48951b29b23c63b1b031f4f5e75ebff3af7cdf531a4a46f8483548b90,,
91,https://mu.dvg.cn/monster_list.php?mapid=80,https://mu.dvg.cn/monster_info.php?id=573,https://mu.dvg.cn/item_info.php?id=5466,images\detail\00091_卓越的_暴风毁灭之铠.png,00091_卓越的_暴风毁灭之铠.png,卓越的 暴风毁灭之铠,卓越的 暴风毁灭之铠,detail,img,https://mu.dvg.cn/source/n_itemlitpic/armormale61.png,,,,,,,175fe9e1a46410ebca411543497d3c7ac61e5470d3d84a95c760323cc9f9f192,,
92,https://mu.dvg.cn/monster_list.php?mapid=80,https://mu.dvg.cn/monster_info.php?id=573,https://mu.dvg.cn/item_info.php?id=5336,images\detail\00092_卓越的_魔灵之盔.png,00092_卓越的_魔灵之盔.png,卓越的 魔灵之盔,卓越的 魔灵之盔,detail,img,https://mu.dvg.cn/source/n_itemlitpic/helmmale43.png,,,,,,,a4abd2f5089ad25f9dbe2afc0a3a8958fb41c5a6f686c569d6664944dff9e450,,
93,https://mu.dvg.cn/monster_list.php?mapid=80,https://mu.dvg.cn/monster_info.php?id=573,https://mu.dvg.cn/item_info.php?id=5316,images\detail\00093_卓越的_火麒麟之盔.png,00093_卓越的_火麒麟之盔.png,卓越的 火麒麟之盔,卓越的 火麒麟之盔,detail,img,https://mu.dvg.cn/source/n_itemlitpic/helmmale19.png,,,,,,,df23fb7d1d43a71b91a792d9b35cc767765676b46ff7b9d111c4e21d53ae93eb,,
94,https://mu.dvg.cn/monster_list.php?mapid=80,https://mu.dvg.cn/monster_info.php?id=573,https://mu.dvg.cn/item_info.php?id=5578,images\detail\00094_卓越的_火麒麟护腿.png,00094_卓越的_火麒麟护腿.png,卓越的 火麒麟护腿,卓越的 火麒麟护腿,detail,img,https://mu.dvg.cn/source/n_itemlitpic/t_pantmale19.png,,,,,,,a54d4463e81cfa1e9691450f18e9ac03de1953a61cd4c209d87dcf0c8d565230,,
95,https://mu.dvg.cn/monster_list.php?mapid=80,https://mu.dvg.cn/monster_info.php?id=573,https://mu.dvg.cn/item_info.php?id=5847,images\detail\00095_卓越的_圣灵之靴.png,00095_卓越的_圣灵之靴.png,卓越的 圣灵之靴,卓越的 圣灵之靴,detail,img,https://mu.dvg.cn/source/n_itemlitpic/bootmaletest20.png,,,,,,,34e3448787a32c707f914e70ecd156989f29e17b537769df13a7e1294bea6578,,
96,https://mu.dvg.cn/monster_list.php?mapid=80,https://mu.dvg.cn/monster_info.php?id=573,https://mu.dvg.cn/item_info.php?id=5317,images\detail\00096_卓越的_圣灵之盔.png,00096_卓越的_圣灵之盔.png,卓越的 圣灵之盔,卓越的 圣灵之盔,detail,img,https://mu.dvg.cn/source/n_itemlitpic/helmmaletest20.png,,,,,,,2d510f707ff7fbbab766ffda612168ccedfffbd616d7bb8c390b366657465e57,,
97,https://mu.dvg.cn/monster_list.php?mapid=80,https://mu.dvg.cn/monster_info.php?id=573,https://mu.dvg.cn/item_info.php?id=5855,images\detail\00097_卓越的_神圣之靴.png,00097_卓越的_神圣之靴.png,卓越的 神圣之靴,卓越的 神圣之靴,detail,img,https://mu.dvg.cn/source/n_itemlitpic/bootmale28.png,,,,,,,ecab5d9f4e3016c98a99a6ad23a4d7e7c9fb59dfffe0c641c0cf361115595424,,
98,https://mu.dvg.cn/monster_list.php?mapid=80,https://mu.dvg.cn/monster_info.php?id=573,https://mu.dvg.cn/item_info.php?id=5323,images\detail\00098_卓越的_神圣之盔.png,00098_卓越的_神圣之盔.png,卓越的 神圣之盔,卓越的 神圣之盔,detail,img,https://mu.dvg.cn/source/n_itemlitpic/helmmale28.png,,,,,,,92e4516c7644daf1693c86c433a521ac2c7fd06ac737937a5091d3bd28cb2795,,
99,https://mu.dvg.cn/monster_list.php?mapid=80,https://mu.dvg.cn/monster_info.php?id=573,https://mu.dvg.cn/item_info.php?id=5314,images\detail\00099_卓越的_黑龙王之盔.png,00099_卓越的_黑龙王之盔.png,卓越的 黑龙王之盔,卓越的 黑龙王之盔,detail,img,https://mu.dvg.cn/source/n_itemlitpic/helmmale17.png,,,,,,,fe43886117beedea60ff6d4c4d4a34616b7826cef09227a23eb18c7875718c07,,
100,https://mu.dvg.cn/monster_list.php?mapid=80,https://mu.dvg.cn/monster_info.php?id=573,https://mu.dvg.cn/item_info.php?id=5576,images\detail\00100_卓越的_黑龙王护腿.png,00100_卓越的_黑龙王护腿.png,卓越的 黑龙王护腿,卓越的 黑龙王护腿,detail,img,https://mu.dvg.cn/source/n_itemlitpic/pantmale17.png,,,,,,,44f157111834657c975551bc34e319bf85ed6f9fbf31861ca1b4f7e076a8c8e8,,
101,https://mu.dvg.cn/monster_list.php?mapid=80,https://mu.dvg.cn/monster_info.php?id=573,https://mu.dvg.cn/item_info.php?id=5874,images\detail\00101_卓越的_刀锋之靴.png,00101_卓越的_刀锋之靴.png,卓越的 刀锋之靴,卓越的 刀锋之靴,detail,img,https://mu.dvg.cn/source/n_itemlitpic/bootmale62.png,,,,,,,11cddbfa5ce0a20f3ed70de1f921db715302b7f7d03198f7453348bd0d088604,,
102,https://mu.dvg.cn/monster_list.php?mapid=80,https://mu.dvg.cn/monster_info.php?id=573,https://mu.dvg.cn/item_info.php?id=5746,images\detail\00102_卓越的_希拉特护手.png,00102_卓越的_希拉特护手.png,卓越的 希拉特护手,卓越的 希拉特护手,detail,img,https://mu.dvg.cn/source/n_itemlitpic/glovemale95.png,,,,,,,e4e2600dd577704ee62d64a19b662c0f2a36e4cc575ca38953d1f39103234d45,,
103,https://mu.dvg.cn/monster_list.php?mapid=80,https://mu.dvg.cn/monster_info.php?id=573,https://mu.dvg.cn/item_info.php?id=5747,images\detail\00103_卓越的_塞尔特护手.png,00103_卓越的_塞尔特护手.png,卓越的 塞尔特护手,卓越的 塞尔特护手,detail,img,https://mu.dvg.cn/source/n_itemlitpic/glovemale96.png,,,,,,,c2a0d2e08aa47c98e31442c4a0c98dd6ee66201fe2a7a55deec8acf83e49d878,,
104,https://mu.dvg.cn/monster_list.php?mapid=80,https://mu.dvg.cn/monster_info.php?id=573,https://mu.dvg.cn/item_info.php?id=5723,images\detail\00104_卓越的_红羽护手.png,00104_卓越的_红羽护手.png,卓越的 红羽护手,卓越的 红羽护手,detail,img,https://mu.dvg.cn/source/n_itemlitpic/glovemale25.png,,,,,,,3037d7102e208127c132ce3bd988b03d151b83f05db2fcbfbcfef7d51eb3ac27,,
105,https://mu.dvg.cn/monster_list.php?mapid=80,https://mu.dvg.cn/monster_info.php?id=573,https://mu.dvg.cn/item_info.php?id=5716,images\detail\00105_卓越的_黑凤凰护手.png,00105_卓越的_黑凤凰护手.png,卓越的 黑凤凰护手,卓越的 黑凤凰护手,detail,img,https://mu.dvg.cn/source/n_itemlitpic/glovemale18.png,,,,,,,7ba11b76dd50a96f2e66d7a1c9bd6f54a72d18ed6437c66068d4c8b7f9a528e9,,
106,https://mu.dvg.cn/monster_list.php?mapid=80,https://mu.dvg.cn/monster_info.php?id=573,https://mu.dvg.cn/item_info.php?id=5602,images\detail\00106_卓越的_魔灵之护腿.png,00106_卓越的_魔灵之护腿.png,卓越的 魔灵之护腿,卓越的 魔灵之护腿,detail,img,https://mu.dvg.cn/source/n_itemlitpic/pantmale43.png,,,,,,,7f1f7c00373a744f653f39a22a12adfb3838c9184b616ce59263e7d694e01f01,,
107,https://mu.dvg.cn/monster_list.php?mapid=80,https://mu.dvg.cn/monster_info.php?id=573,https://mu.dvg.cn/item_info.php?id=5879,images\detail\00107_卓越的_希拉特靴子.png,00107_卓越的_希拉特靴子.png,卓越的 希拉特靴子,卓越的 希拉特靴子,detail,img,https://mu.dvg.cn/source/n_itemlitpic/bootmale95.png,,,,,,,569452e99ae1f43f3c20319996707d73dc31add8a8737ee4ec76b24cfb155d39,,
108,https://mu.dvg.cn/monster_list.php?mapid=80,https://mu.dvg.cn/monster_info.php?id=573,https://mu.dvg.cn/item_info.php?id=5880,images\detail\00108_卓越的_塞尔特靴子.png,00108_卓越的_塞尔特靴子.png,卓越的 塞尔特靴子,卓越的 塞尔特靴子,detail,img,https://mu.dvg.cn/source/n_itemlitpic/bootmale96.png,,,,,,,a4a83ede08097197b0be4b6a033d9627086cde1d097cb6c3ec649f14362ab2b3,,
109,https://mu.dvg.cn/monster_list.php?mapid=80,https://mu.dvg.cn/monster_info.php?id=573,https://mu.dvg.cn/item_info.php?id=5100,images\detail\00109_卓越的_破坏之剑.png,00109_卓越的_破坏之剑.png,卓越的 破坏之剑,卓越的 破坏之剑,detail,img,https://mu.dvg.cn/source/n_itemlitpic/sword17.png,,,,,,,d1236d69b9e858b7e73afcc5b48276f60ae92db0d52a993f1add7db11d078f0e,,
110,https://mu.dvg.cn/monster_list.php?mapid=80,https://mu.dvg.cn/monster_info.php?id=573,https://mu.dvg.cn/item_info.php?id=5111,images\detail\00110_卓越的_暴风毁灭拳刃.png,00110_卓越的_暴风毁灭拳刃.png,卓越的 暴风毁灭拳刃,卓越的 暴风毁灭拳刃,detail,img,https://mu.dvg.cn/source/n_itemlitpic/sword34.png,,,,,,,e9aa61e627e097c12bc50f778e74678a1d98144d7d00f9ce44d509ae801fab12,,
111,https://mu.dvg.cn/monster_list.php?mapid=80,https://mu.dvg.cn/monster_info.php?id=573,https://mu.dvg.cn/item_info.php?id=5157,images\detail\00111_卓越的_圣剑权杖.png,00111_卓越的_圣剑权杖.png,卓越的 圣剑权杖,卓越的 圣剑权杖,detail,img,https://mu.dvg.cn/source/n_itemlitpic/mace11.png,,,,,,,968aec87f4f0906a24a926da8a03b7091d0840123362d9900a842c645b1d767d,,
112,https://mu.dvg.cn/monster_list.php?mapid=80,https://mu.dvg.cn/monster_info.php?id=573,https://mu.dvg.cn/item_info.php?id=5214,images\detail\00112_卓越的_圣者之弩.png,00112_卓越的_圣者之弩.png,卓越的 圣者之弩,卓越的 圣者之弩,detail,img,https://mu.dvg.cn/source/n_itemlitpic/crossbow17.png,,,,,,,5761f17ca53d155d728630602d4b7bae2d17f1683c835082299475f23dd67cfd,,
113,https://mu.dvg.cn/monster_list.php?mapid=80,https://mu.dvg.cn/monster_info.php?id=573,https://mu.dvg.cn/item_info.php?id=5189,images\detail\00113_卓越的_弗尔木长矛.png,00113_卓越的_弗尔木长矛.png,卓越的 弗尔木长矛,卓越的 弗尔木长矛,detail,img,https://mu.dvg.cn/source/n_itemlitpic/plumalance.png,,,,,,,553f709e63e5911389aa3673286496204d8e9fa948e5e04779dbbbebdcd54dff,,
114,https://mu.dvg.cn/monster_list.php?mapid=80,https://mu.dvg.cn/monster_info.php?id=574,,images\detail\00114_克里波斯.png,00114_克里波斯.png,克里波斯,"克里波斯 | 克里波斯 [Lv.114] 克里波斯 【 怪物 】 出现地图：卡伦特 1,卡伦特 2 | 怪物名称 怪物说明 克里波斯 [Lv.114] 克里波斯 【 怪物 】 出现地图：卡伦特 1,卡伦特 2 血量 83000 魔力值 攻击力 720 ~ 770 防御力 575 防御率 375 魔法防御 0 元素攻击 0 ~ 0 元素防御 431 元素攻击率 0 元素防御率 0",detail,img,https://mu.dvg.cn/source/n_monster/Monster215.png,,,,,,,29dfabd775e298a7cc49d9dd4c6454d91aa24810e1b71402ff5b11675d0be769,,
115,https://mu.dvg.cn/monster_list.php?mapid=80,https://mu.dvg.cn/monster_info.php?id=574,https://mu.dvg.cn/item_info.php?id=5579,images\detail\00115_卓越的_圣灵护腿.png,00115_卓越的_圣灵护腿.png,卓越的 圣灵护腿,卓越的 圣灵护腿,detail,img,https://mu.dvg.cn/source/n_itemlitpic/pantmaletest20.png,,,,,,,810b56b7e9d58ef1529fe30719717ec50fa556fbfe831fe90ec490a92adb9b8c,,
116,https://mu.dvg.cn/monster_list.php?mapid=80,https://mu.dvg.cn/monster_info.php?id=574,https://mu.dvg.cn/item_info.php?id=5852,images\detail\00116_卓越的_红羽之靴.png,00116_卓越的_红羽之靴.png,卓越的 红羽之靴,卓越的 红羽之靴,detail,img,https://mu.dvg.cn/source/n_itemlitpic/bootmale25.png,,,,,,,b37ac5da6deb4bb50ce563ee6bd1696a1089a9c9090cc31d6bd5c262eeca893d,,
117,https://mu.dvg.cn/monster_list.php?mapid=80,https://mu.dvg.cn/monster_info.php?id=574,https://mu.dvg.cn/item_info.php?id=5721,images\detail\00117_卓越的_黑炎护手.png,00117_卓越的_黑炎护手.png,卓越的 黑炎护手,卓越的 黑炎护手,detail,img,https://mu.dvg.cn/source/n_itemlitpic/glovemale23.png,,,,,,,0b5f772f7ad6dd3a1c17b3ddb4e6539e05ab4e39728afd10d74e3bf84365ecde,,
118,https://mu.dvg.cn/monster_list.php?mapid=80,https://mu.dvg.cn/monster_info.php?id=574,https://mu.dvg.cn/item_info.php?id=5719,images\detail\00118_卓越的_奔雷护手.png,00118_卓越的_奔雷护手.png,卓越的 奔雷护手,卓越的 奔雷护手,detail,img,https://mu.dvg.cn/source/n_itemlitpic/glovemale21.png,,,,,,,87d0e6ee3fc880b54e4e513a88a57082df09f6ed5745091f46cab456bfdaf651,,
119,https://mu.dvg.cn/monster_list.php?mapid=80,https://mu.dvg.cn/monster_info.php?id=574,https://mu.dvg.cn/item_info.php?id=5727,images\detail\00119_卓越的_至尊护手.png,00119_卓越的_至尊护手.png,卓越的 至尊护手,卓越的 至尊护手,detail,img,https://mu.dvg.cn/source/n_itemlitpic/glovemale29.png,,,,,,,5eca4eb55362450f8e36da447b72673cdaf6a0b055205e23f8cdc2b18e058ef5,,
